player_id,player_name,position,team,p10,p25,p50,p75,p90,mean,p_10_plus,p_15_plus,p_20_plus,range_50,range_80,role_uncertainty,uncertainty,games_sample,same_team,team_change,rookie,prior_target_share,prior_rush_share,expected_team_pass_attempts,expected_team_rush_attempts,calibration
00-0033280,Christian McCaffrey,RB,SF,9.767207566185064,14.2042154123593,20.506606586742546,29.80116422404212,37.56113498902431,22.194654632110847,0.92195,0.75085,0.53915,14.2–29.8,9.8–37.6,0.1210912342755387,low,61,1,0,0,0.2165592769343255,0.6203411256595369,33.76470588235294,28.294117647058822,walk_forward_conformal
00-0039139,Jahmyr Gibbs,RB,DET,6.969922477913223,11.048952022999824,17.030828159538846,26.067984755196548,33.50634495166149,18.68492786936531,0.82995,0.60835,0.38965,11.0–26.1,7.0–33.5,0.1132508883055198,low,49,1,0,0,0.1422922215609296,0.5106754653262696,34.23529411764706,26.0,walk_forward_conformal
00-0038542,Bijan Robinson,RB,ATL,7.40469734572864,11.150045886521694,16.382563889311808,24.456969261789705,31.20545590375962,17.886802041420882,0.83815,0.5943,0.35,11.2–24.5,7.4–31.2,0.1201312914382813,low,51,1,0,0,0.1757223853322963,0.5792429024457437,32.05882352941177,28.058823529411764,walk_forward_conformal
00-0036223,Jonathan Taylor,RB,IND,6.4799445681631305,10.511489993817335,16.130843710785804,24.62212595738572,31.65860094286556,17.64394098542445,0.80715,0.57345,0.3472,10.5–24.6,6.5–31.7,0.1084501928173907,low,69,1,0,0,0.0963556851787029,0.7155532011859398,32.1764705882353,26.0,walk_forward_conformal
00-0039075,Puka Nacua,WR,LA,6.366538510309874,10.262723647404997,15.779825078099073,24.519890051368595,33.18311129890774,17.444163497489043,0.7612,0.53165,0.3368,10.3–24.5,6.4–33.2,0.1247599239078908,low,44,1,0,0,0.3035345718355029,0.0246278955254053,35.1764705882353,27.352941176470587,walk_forward_conformal
00-0036900,Ja'Marr Chase,WR,CIN,5.998917026930412,9.921875166480095,15.54075266650808,24.399004032368868,33.0181633984595,17.192836925303972,0.7473,0.5226,0.3319,9.9–24.4,6.0–33.0,0.1209683816465675,low,78,1,0,0,0.2907258866472007,0.0100041947569267,37.64705882352941,22.41176470588235,walk_forward_conformal
00-0036963,Amon-Ra St. Brown,WR,DET,5.667993142978926,9.323223875693994,14.770302162993657,23.223381690930008,31.737166860130884,16.31741757320739,0.7177,0.4884,0.2987,9.3–23.2,5.7–31.7,0.1249351562037394,low,82,1,0,0,0.2921341297492569,0.0076523945910651,34.23529411764706,26.0,walk_forward_conformal
00-0039040,De'Von Achane,RB,MIA,5.92416255745731,9.39862036868417,14.370101017289272,22.37899568728732,28.936644146605396,15.96704472539883,0.7623,0.48865,0.26565,9.4–22.4,5.9–28.9,0.1192509794791092,low,44,1,0,0,0.1653878382774688,0.5316640908752178,28.176470588235293,25.41176470588235,walk_forward_conformal
00-0032764,Derrick Henry,RB,BAL,5.293240164931218,8.98828439700789,14.138608702249646,22.420091462570333,28.944088694808983,15.742627342590938,0.74035,0.4774,0.2672,9.0–22.4,5.3–28.9,0.1064345528133117,low,75,1,0,0,0.0602336727253731,0.6221895195718414,24.823529411764707,29.823529411764707,walk_forward_conformal
00-0036358,CeeDee Lamb,WR,DAL,5.328236870056029,8.750694232769249,13.85612535199455,22.054835095911187,30.28921006843997,15.44646339319041,0.6874,0.451,0.26255,8.8–22.1,5.3–30.3,0.1250069817273597,low,78,1,0,0,0.268458139742755,0.0204088993830551,36.705882352941174,27.352941176470587,walk_forward_conformal
00-0037840,Kyren Williams,RB,LA,5.056626185930621,8.521528472170358,13.47615128271106,21.43327107763647,28.07455467657141,15.093949132846747,0.71555,0.4405,0.23485,8.5–21.4,5.1–28.1,0.1095154893368242,low,53,1,0,0,0.0824447960751741,0.6193161602264188,35.1764705882353,27.352941176470587,walk_forward_conformal
00-0031381,Davante Adams,WR,LA,4.414238204262582,8.016398425960649,13.498531497726256,21.92391425193665,30.42064863170974,15.004654199871704,0.65735,0.4319,0.2592,8.0–21.9,4.4–30.4,0.1243393969553841,low,78,1,0,0,0.287608165606971,0.0009825602410094,35.1764705882353,27.352941176470587,walk_forward_conformal
00-0034844,Saquon Barkley,RB,PHI,5.4382573637354765,8.546257399242315,13.1548902436646,20.793910464289254,27.230090335908805,14.772612705515924,0.714,0.42175,0.2132,8.5–20.8,5.4–27.2,0.1160478691978299,low,75,1,0,0,0.1315587987309737,0.6047888410655228,29.235294117647054,28.11764705882353,walk_forward_conformal
00-0035676,A.J. Brown,WR,NE,4.4011493911412005,7.855341889298825,13.15752405910817,21.411070629624227,29.760902694356297,14.740546906637446,0.6456,0.4207,0.2452,7.9–21.4,4.4–29.8,0.3503773005435971,medium,75,0,1,0,0.3009456411709622,0.0002325674572872,29.529411764705884,29.058823529411764,walk_forward_conformal
00-0037248,James Cook,RB,BUF,4.60794826593983,7.889530900901588,12.943308205494628,20.953014726643858,27.570890490817646,14.56495364641179,0.68155,0.4171,0.2187,7.9–21.0,4.6–27.6,0.1070530282000624,low,66,1,0,0,0.0814028984139717,0.4910567892899434,29.11764705882353,32.1764705882353,walk_forward_conformal
00-0036554,Nico Collins,WR,HOU,3.7335913276975874,7.0878157710363405,12.300503876267635,20.33472521146739,28.889042466288885,13.883644832958352,0.60665,0.38165,0.21605,7.1–20.3,3.7–28.9,0.1240270748982987,low,66,1,0,0,0.2305595790939478,0.0022984423414555,34.23529411764706,27.941176470588236,walk_forward_conformal
00-0038543,Jaxon Smith-Njigba,WR,SEA,4.302205041982467,7.480683534242994,12.336242243836796,20.169495233482618,28.13631660770176,13.860368149019084,0.6182,0.377,0.20865,7.5–20.2,4.3–28.1,0.1394437642522887,low,51,1,0,0,0.2925244965841427,0.0114328532763227,28.294117647058822,29.823529411764707,walk_forward_conformal
00-0037239,Chris Olave,WR,NO,4.31867072037371,7.459321125782953,12.183345452162737,20.11041717253206,28.00407308523515,13.788490321372404,0.61385,0.37665,0.20725,7.5–20.1,4.3–28.0,0.1228906546669047,low,55,1,0,0,0.2647279475471177,0.002753398726553,34.76470588235294,25.58823529411765,walk_forward_conformal
00-0038120,Breece Hall,RB,NYJ,4.7228632613502,7.552420247393035,12.00581112936254,19.372763601371837,25.172931641407555,13.52039106772748,0.6479,0.3573,0.16295,7.6–19.4,4.7–25.2,0.1162316444169217,low,56,1,0,0,0.1266590358188492,0.5785298566675899,29.058823529411764,26.823529411764707,walk_forward_conformal
00-0033906,Alvin Kamara,RB,NO,5.109880846749596,7.963267647787616,12.121182108431766,19.108358205342988,24.67046667349784,13.5105520152571,0.6702,0.35565,0.14945,8.0–19.1,5.1–24.7,0.1187082014431452,low,66,1,0,0,0.1676275206578362,0.5198998421555353,34.76470588235294,25.58823529411765,walk_forward_conformal
00-0036410,Tee Higgins,WR,CIN,3.1734871192750185,6.560221446513315,11.81373063211896,20.097172633635022,28.326545141792508,13.41581441129031,0.5847,0.3654,0.20715,6.6–20.1,3.2–28.3,0.120308417984087,low,67,1,0,0,0.2057630610940533,0.0,37.64705882352941,22.41176470588235,walk_forward_conformal
00-0033288,George Kittle,TE,SF,3.423125985973833,6.603503837574221,11.62349989764105,18.316125189164072,24.43423469137291,13.26869391266596,0.57775,0.35425,0.198,6.6–18.3,3.4–24.4,0.1202544637457083,low,71,1,0,0,0.2077274380633021,0.0018453318344278,33.76470588235294,28.294117647058822,walk_forward_conformal
00-0036275,D'Andre Swift,RB,CHI,4.423745286106304,7.27460521235555,11.763426001626668,19.09457652456954,24.82915254596673,13.239938257280862,0.63595,0.34675,0.1567,7.3–19.1,4.4–24.8,0.1132195440077339,low,76,1,0,0,0.104766290751252,0.4909697649471983,33.76470588235294,29.705882352941178,walk_forward_conformal
00-0037744,Trey McBride,TE,ARI,4.534527359881836,7.468447892664828,11.803052357609328,17.596401510536072,22.607760341219414,13.125925136483051,0.6054,0.3409,0.17375,7.5–17.6,4.5–22.6,0.1320637295560822,low,62,1,0,0,0.2530601460376849,0.0004997467949572,38.1764705882353,21.529411764705884,walk_forward_conformal
00-0035719,Deebo Samuel Sr.,WR,SF,3.732448499086095,6.709185091783771,11.391370410041178,18.896527746012172,26.32509238614785,12.821308700548611,0.57485,0.336,0.1721,6.7–18.9,3.7–26.3,0.3468010097596254,medium,75,0,1,0,0.2290308252408388,0.0729959564635074,33.76470588235294,28.294117647058822,walk_forward_conformal
00-0037247,George Pickens,WR,DAL,3.391575447079892,6.517910042945031,11.161168755198885,18.7944425196784,26.51400475412113,12.668179475268714,0.5588,0.3276,0.1737,6.5–18.8,3.4–26.5,0.121596170087195,low,65,1,0,0,0.228350606118934,0.0023061873516837,36.705882352941174,27.352941176470587,walk_forward_conformal
00-0037238,Drake London,WR,ATL,3.6430534102450216,6.589968136012342,11.29212559336245,18.66675299847045,26.08366165950941,12.638664183863256,0.5655,0.3287,0.16825,6.6–18.7,3.6–26.1,0.1291287857419251,low,62,1,0,0,0.2787270070323102,0.0005126522577205,32.05882352941177,28.058823529411764,walk_forward_conformal
00-0038597,Chase Brown,RB,CIN,3.999027114359244,6.682387492409292,10.98310150029635,18.2735456533349,24.127451350121746,12.567387991538917,0.58565,0.3077,0.13795,6.7–18.3,4.0–24.1,0.111420778364764,low,45,1,0,0,0.1175316387351766,0.5564698386200938,37.64705882352941,22.41176470588235,walk_forward_conformal
00-0031408,Mike Evans,WR,SF,2.7858490266657028,5.885975589197691,10.704881571026135,18.445641772611477,26.438366196549698,12.304156310990107,0.53325,0.3144,0.1694,5.9–18.4,2.8–26.4,0.345493370439713,medium,70,0,1,0,0.236300690858955,0.0001724534375718,33.76470588235294,28.294117647058822,walk_forward_conformal
00-0036322,Justin Jefferson,WR,MIN,3.70749916655621,6.520193754030077,10.85668937436388,17.828298965363846,25.3040256928294,12.201367097745198,0.5488,0.2973,0.14535,6.5–17.8,3.7–25.3,0.1184733194399044,low,78,1,0,0,0.2993770510730121,0.0048287820868182,28.470588235294116,24.11764705882353,walk_forward_conformal
00-0038134,Kenneth Walker III,RB,KC,3.795792061862534,6.502449687863881,10.64369444514902,17.60672110521394,23.26888193245266,12.107693540014408,0.5678,0.281,0.11625,6.5–17.6,3.8–23.3,0.3281506265450697,low,58,0,1,0,0.0918779120554727,0.5203250057291088,34.35294117647059,25.294117647058822,walk_forward_conformal
00-0036875,Rhamondre Stevenson,RB,NE,3.499305469976231,6.20447679986864,10.637451090985586,17.738577835839408,23.465620045118506,12.08112082425798,0.5623,0.28585,0.1221,6.2–17.7,3.5–23.5,0.1138907420991544,low,70,1,0,0,0.1068026470384002,0.4187068549865892,29.529411764705884,29.058823529411764,walk_forward_conformal
00-0036997,Javonte Williams,RB,DAL,3.71754493738906,6.270773036305669,10.461878001465848,17.48140943966405,23.23510251161842,11.957196488489156,0.55555,0.2746,0.1158,6.3–17.5,3.7–23.2,0.1128934265824479,low,70,1,0,0,0.1084938491925425,0.4808520989223661,36.705882352941174,27.352941176470587,walk_forward_conformal
00-0035640,DK Metcalf,WR,PIT,2.7728349109650647,5.730023004671625,10.30693216749534,17.691943375921046,25.351982739856112,11.743404311191428,0.5147,0.2865,0.145,5.7–17.7,2.8–25.4,0.1159426867323137,low,80,1,0,0,0.2265359135923992,0.0016477115651185,32.35294117647059,23.941176470588236,walk_forward_conformal
00-0036912,DeVonta Smith,WR,PHI,3.2359441270211757,6.014538396435308,10.32959044228378,17.403101560441325,24.697628333115283,11.671625556686138,0.5175,0.27615,0.13325,6.0–17.4,3.2–24.7,0.1220107993733602,low,80,1,0,0,0.2517916588318677,0.0003920855185566,29.235294117647054,28.11764705882353,walk_forward_conformal
00-0036973,Travis Etienne,RB,NO,3.528782867896786,5.998184236741312,10.04191856484171,17.072830669664125,22.67327787268458,11.595735866187209,0.5283,0.257,0.10415,6.0–17.1,3.5–22.7,0.3208562077122848,low,66,0,1,0,0.1030478039648351,0.5153347324421056,34.76470588235294,25.58823529411765,walk_forward_conformal
00-0039065,Sam LaPorta,TE,DET,2.5457744528745088,5.452108568754804,9.958287026976418,16.1020323454624,21.76012473096492,11.53721283063711,0.49695,0.2817,0.14515,5.5–16.1,2.5–21.8,0.116635795556375,low,42,1,0,0,0.1881402735559065,0.0006067961165048,34.23529411764706,26.0,walk_forward_conformal
00-0036613,Jaylen Waddle,WR,DEN,2.7659020154016867,5.696462264755407,9.967379114143869,17.296404164255684,24.734028161636495,11.510031760340206,0.49835,0.27415,0.1355,5.7–17.3,2.8–24.7,0.3399657847833125,medium,78,0,1,0,0.2138770476404054,0.0067874729016928,36.05882352941177,26.823529411764707,walk_forward_conformal
00-0035685,David Montgomery,RB,HOU,2.9435723850558615,5.402746005502402,9.890458787920217,17.102718565293653,23.032271623940364,11.40412602059838,0.51835,0.25705,0.11075,5.4–17.1,2.9–23.0,0.3325868738621221,medium,74,0,1,0,0.0728245105709197,0.4100499324607503,34.23529411764706,27.941176470588236,walk_forward_conformal
00-0034348,Courtland Sutton,WR,DEN,2.665283823844737,5.6047476698348415,9.906219669286424,17.233554032954377,24.540657926609157,11.359802581756972,0.49425,0.27075,0.13265,5.6–17.2,2.7–24.5,0.1196241099502499,low,81,1,0,0,0.2222577088458482,0.0001843161937477,36.05882352941177,26.823529411764707,walk_forward_conformal
00-0039064,Zay Flowers,WR,BAL,3.05784475088997,5.884264792163664,9.89734147472072,16.779818405692296,23.87357409877594,11.26073766268622,0.49305,0.25835,0.121,5.9–16.8,3.1–23.9,0.1294326506761156,low,50,1,0,0,0.2745328689577055,0.0170136693133722,24.823529411764707,29.823529411764707,walk_forward_conformal
00-0036158,J.K. Dobbins,RB,DEN,3.43224164960834,5.815427216514604,9.734502372148429,16.521249000609323,22.029188961478805,11.253114738299654,0.50975,0.23275,0.0918,5.8–16.5,3.4–22.0,0.1072963675343243,low,32,1,0,0,0.0707370120232872,0.5284234322196475,36.05882352941177,26.823529411764707,walk_forward_conformal
00-0034960,Jakobi Meyers,WR,JAX,3.180495801941974,5.868228874443792,9.913184957680269,16.750164151874262,23.595813666782753,11.201865833323938,0.4932,0.25555,0.1157,5.9–16.8,3.2–23.6,0.1182036845457694,low,77,1,0,0,0.2310799258802497,0.0085677074608245,33.11764705882353,28.764705882352946,walk_forward_conformal
00-0039067,Rashee Rice,WR,KC,2.964453348612485,5.637866915062684,9.874183530453951,16.83345015639253,23.884174104856953,11.193739157457244,0.49355,0.2598,0.12125,5.6–16.8,3.0–23.9,0.1680387794037956,low,28,1,0,0,0.2447283487667744,0.0150977054227161,34.35294117647059,25.294117647058822,walk_forward_conformal
00-0033293,Aaron Jones,RB,MIN,3.5305193438891234,5.92631799584649,9.54810793939238,16.098834075685936,21.127341818415033,10.973031444332555,0.49585,0.214,0.076,5.9–16.1,3.5–21.1,0.1105279134227598,low,72,1,0,0,0.1316761670035139,0.4964220635628402,28.470588235294116,24.11764705882353,walk_forward_conformal
00-0038117,Wan'Dale Robinson,WR,TEN,3.470580021249538,5.943009870651133,9.682046725778022,16.20774177893099,22.636478523325145,10.910929931614104,0.47905,0.2357,0.09905,5.9–16.2,3.5–22.6,0.3485592025930658,medium,54,0,1,0,0.2618731164268318,0.00896853097501,33.529411764705884,22.235294117647054,walk_forward_conformal
00-0031588,Stefon Diggs,WR,WAS,2.7777282722540124,5.475275982523291,9.459930330006063,16.342866588967787,23.483381366436333,10.878266788988444,0.47035,0.24055,0.1131,5.5–16.3,2.8–23.5,0.3432482991026522,medium,75,0,1,0,0.2464217270941537,0.0022616555439419,27.58823529411765,28.470588235294116,walk_forward_conformal
00-0034351,Dallas Goedert,TE,PHI,2.123819913606099,4.802771821080044,9.224852071074915,15.2123610441568,20.62917345816905,10.73715397017892,0.461,0.2509,0.12425,4.8–15.2,2.1–20.6,0.1249066521365782,low,66,1,0,0,0.2019660685432026,0.0003098405354044,29.235294117647054,28.11764705882353,walk_forward_conformal
00-0039361,Bucky Irving,RB,TB,3.120067294975632,5.424597874989544,9.156692425128012,15.78539132834859,20.80032633001608,10.60662498175508,0.4692,0.2002,0.07145,5.4–15.8,3.1–20.8,0.1524649329474646,low,27,1,0,0,0.0991057502199767,0.5112586666596298,32.8235294117647,27.764705882352946,walk_forward_conformal
00-0036252,Michael Pittman,WR,PIT,2.790275365582179,5.352579448427701,9.183445937746251,15.891914170339613,22.678366919420277,10.549604427959132,0.45035,0.2259,0.0998,5.4–15.9,2.8–22.7,0.3411658745499764,medium,82,0,1,0,0.2409993368897512,0.0010022266193199,32.35294117647059,23.941176470588236,walk_forward_conformal
00-0035659,Terry McLaurin,WR,WAS,2.3099396379596215,4.964452719928663,9.07847416256318,16.089675688963244,23.463084649688795,10.54210720226826,0.4495,0.23215,0.1138,5.0–16.1,2.3–23.5,0.1200825848340889,low,78,1,0,0,0.2333800925144395,0.0033198936257923,27.58823529411765,28.470588235294116,walk_forward_conformal
00-0037740,Garrett Wilson,WR,NYJ,2.8704533714932836,5.45359000254293,9.282190541696398,15.78925657347568,22.348366488863142,10.522563419009732,0.4551,0.2205,0.09405,5.5–15.8,2.9–22.3,0.1222862496096672,low,58,1,0,0,0.2919772964143292,0.005294888120542,29.058823529411764,26.823529411764707,walk_forward_conformal
00-0030279,Keenan Allen,WR,IND,2.7933048521536508,5.383508904290141,9.199037754259876,15.890324089684835,22.50436732172006,10.495641400015302,0.452,0.22475,0.09675,5.4–15.9,2.8–22.5,0.3404922662968423,medium,71,0,1,0,0.2474974327810307,0.0007151294033122,32.1764705882353,26.0,walk_forward_conformal
00-0030506,Travis Kelce,TE,KC,2.87323714862138,5.401422533393358,9.182214745257,14.340341426879412,18.819886388657235,10.435028521633098,0.45105,0.21925,0.0919,5.4–14.3,2.9–18.8,0.1090065438175299,low,81,1,0,0,0.2179513895504064,0.0019909856047744,34.35294117647059,25.294117647058822,walk_forward_conformal
00-0039915,Ladd McConkey,WR,LAC,2.3713168628419403,5.058484925207151,9.07054244662052,15.907287821622685,22.9073305156101,10.426900345697389,0.4496,0.22545,0.1041,5.1–15.9,2.4–22.9,0.1190740130134469,low,32,1,0,0,0.2238817235388163,0.0,33.470588235294116,27.41176470588235,walk_forward_conformal
00-0035261,Tony Pollard,RB,TEN,3.1768698601543077,5.362099708279678,8.732727575402041,15.030921122124296,19.880047574272613,10.12650793643342,0.43695,0.1695,0.0544,5.4–15.0,3.2–19.9,0.1099711598875834,low,81,1,0,0,0.0965487738248553,0.5782781437436606,33.529411764705884,22.235294117647054,walk_forward_conformal
00-0033921,Chris Godwin Jr.,WR,TB,2.709291787937164,5.239374574114986,8.853006731086051,15.278253988467611,22.00483147824209,10.125217656711024,0.43035,0.2029,0.08795,5.2–15.3,2.7–22.0,0.1189633439820694,low,62,1,0,0,0.219638621965064,0.0057604861721548,32.8235294117647,27.764705882352946,walk_forward_conformal
00-0039338,Brock Bowers,TE,LV,2.3746924991772884,4.969309353054157,8.787308362847904,14.050165015235606,18.681972350771645,10.119772094498067,0.4258,0.2105,0.0909,5.0–14.1,2.4–18.7,0.1508306994218455,low,29,1,0,0,0.2436978255863655,0.0096671490001798,30.294117647058822,21.705882352941178,walk_forward_conformal
00-0036893,Najee Harris,RB,NYG,2.9758020023669127,5.113379957843558,8.60148710054883,15.02679021006905,20.0999296087172,10.07212984961502,0.42895,0.17255,0.0585,5.1–15.0,3.0–20.1,0.3328720494761874,medium,71,0,1,0,0.0894788501660711,0.4940223635357264,30.941176470588236,30.058823529411764,walk_forward_conformal
00-0037256,Rachaad White,RB,WAS,2.7053467344162083,4.921907732624465,8.533271802474903,15.052852421490876,20.218836213608174,10.009296075871998,0.4272,0.17555,0.06095,4.9–15.1,2.7–20.2,0.3258727244011545,low,66,0,1,0,0.0967938163353634,0.3728716748793923,27.58823529411765,28.470588235294116,walk_forward_conformal
00-0039337,Malik Nabers,WR,NYG,2.474740365132248,4.972189868241385,8.72129606035316,15.240147450474502,21.65551965599535,9.984971122823085,0.4233,0.1999,0.0815,5.0–15.2,2.5–21.7,0.2621516071951779,low,19,1,0,0,0.3305153336752346,0.0083629605688429,30.941176470588236,30.058823529411764,walk_forward_conformal
00-0040122,Ashton Jeanty,RB,LV,2.5760439550550496,4.654484015651888,8.293628530106695,14.856471799957562,20.19012374910856,9.834661290617168,0.41245,0.16925,0.0607,4.7–14.9,2.6–20.2,0.2702882414382309,low,17,1,0,0,0.1475960316391859,0.7113810809545106,30.294117647058822,21.705882352941178,walk_forward_conformal
00-0034837,Calvin Ridley,WR,TEN,2.271757876375176,4.744067133121378,8.412337442355515,15.03239369105333,21.900413389322523,9.80744217753407,0.40895,0.1968,0.0868,4.7–15.0,2.3–21.9,0.1221300366694417,low,46,1,0,0,0.2151945720775068,0.0117797196501992,33.529411764705884,22.235294117647054,walk_forward_conformal
00-0037240,Jameson Williams,WR,DET,2.059014042428468,4.064925842963046,8.16298503304418,15.083329974540124,22.17297668188204,9.624971676261694,0.3985,0.1989,0.09255,4.1–15.1,2.1–22.2,0.1218831384691895,low,50,1,0,0,0.1686519450689537,0.0150749120951828,34.23529411764706,26.0,walk_forward_conformal
00-0039893,Brian Thomas Jr.,WR,JAX,2.1756109521116636,4.443328161434675,8.226438515870763,14.8951798921858,21.564659021309403,9.560872582815852,0.3992,0.1911,0.0814,4.4–14.9,2.2–21.6,0.1320644003987877,low,31,1,0,0,0.2189954353903893,0.0096190993237663,33.11764705882353,28.764705882352946,walk_forward_conformal
00-0037228,Jaylen Warren,RB,PIT,2.701143698468722,4.808419967644311,8.154685790692863,14.321070185239783,19.16649160653705,9.541020344582185,0.39355,0.14675,0.04485,4.8–14.3,2.7–19.2,0.1103016694238749,low,64,1,0,0,0.1092095767478119,0.4046000168968988,32.35294117647059,23.941176470588236,walk_forward_conformal
00-0038544,Quentin Johnston,WR,LAC,1.8878990961399988,3.983212451060348,8.032778514831923,14.928478239435732,22.071220870661193,9.469844789107944,0.3931,0.1961,0.0896,4.0–14.9,1.9–22.1,0.1182710962813843,low,45,1,0,0,0.1833760458754606,0.0065736556252032,33.470588235294116,27.41176470588235,walk_forward_conformal
00-0038559,Michael Wilson,WR,ARI,1.948512480381073,4.046736496323831,7.888847683023517,14.61066451216882,21.480458254788083,9.344718804651132,0.3826,0.18405,0.0816,4.0–14.6,1.9–21.5,0.1178904441193149,low,46,1,0,0,0.1693512131771439,0.0008718902580795,38.1764705882353,21.529411764705884,walk_forward_conformal
00-0034827,DJ Moore,WR,BUF,2.1835086851700667,4.4226058716270185,8.068384418253107,14.48080792023015,20.85974540250833,9.307285862341743,0.38365,0.17605,0.0723,4.4–14.5,2.2–20.9,0.3419352058210988,medium,85,0,1,0,0.2295117692282214,0.0259974183599385,29.11764705882353,32.1764705882353,walk_forward_conformal
00-0033908,Cooper Kupp,WR,SEA,2.1025817762313306,4.337796082296091,7.948867745921621,14.38736924839676,20.992361651389984,9.26276673840745,0.3802,0.1752,0.07455,4.3–14.4,2.1–21.0,0.1300797695459679,low,66,1,0,0,0.2139523316366245,0.0053290817344381,28.294117647058822,29.823529411764707,walk_forward_conformal
00-0039849,Marvin Harrison Jr.,WR,ARI,1.942795550908746,4.033161283809669,7.69043375483967,14.160276907943322,20.91045802347898,9.034215088457634,0.3674,0.1701,0.0726,4.0–14.2,1.9–20.9,0.149224570227722,low,29,1,0,0,0.201339064327093,0.0,38.1764705882353,21.529411764705884,walk_forward_conformal
00-0036139,Rico Dowdle,RB,PIT,2.276117046664952,4.2566908212263534,7.469432535670025,13.673146987696883,18.613906139050492,8.971079164320885,0.35175,0.12845,0.0401,4.3–13.7,2.3–18.6,0.3284823444961424,low,51,0,1,0,0.087042176777438,0.4561680496818001,32.35294117647059,23.941176470588236,walk_forward_conformal
00-0033885,David Njoku,TE,LAC,1.729609428729131,3.7213575471949514,7.48973838538145,12.780605481136238,17.598505796362723,8.940009138515546,0.3631,0.17355,0.07585,3.7–12.8,1.7–17.6,0.3395647812897382,medium,67,0,1,0,0.1733486168574697,0.0006499374672207,33.470588235294116,27.41176470588235,walk_forward_conformal
00-0036555,Chuba Hubbard,RB,CAR,2.43975910463124,4.343180452260186,7.42527882872363,13.497831204804582,18.222861835205173,8.888490582421012,0.34195,0.11885,0.0332,4.3–13.5,2.4–18.2,0.1094423498495141,low,77,1,0,0,0.0919117268493394,0.4451806168994044,30.294117647058822,27.11764705882353,walk_forward_conformal
00-0038997,Josh Downs,WR,IND,2.020570338059634,4.215938190558965,7.568627932513163,13.750374675503718,19.963243456646808,8.821773503654864,0.3518,0.1518,0.0589,4.2–13.8,2.0–20.0,0.1189162454379183,low,47,1,0,0,0.1979915041832171,0.0035105785433439,32.1764705882353,26.0,walk_forward_conformal
00-0040666,Omarion Hampton,RB,LAC,1.9681036481020784,3.822891821960215,7.035325473368594,13.342299999592075,18.216615422518984,8.587925966787589,0.3274,0.1182,0.03655,3.8–13.3,2.0–18.2,0.3423712102878828,medium,9,1,0,0,0.1180492504631208,0.5482604297183851,33.470588235294116,27.41176470588235,walk_forward_conformal
00-0037664,Alec Pierce,WR,IND,0.0,3.110147930826845,6.9266112240591795,13.774419495517382,21.20414050825144,8.575320166547657,0.34,0.16855,0.07815,3.1–13.8,0.0–21.2,0.1120566591745368,low,64,1,0,0,0.1543297122923697,0.0,32.1764705882353,26.0,walk_forward_conformal
00-0040124,Tetairoa McMillan,WR,CAR,1.801678032749743,3.607454688293217,7.141477485255525,13.486498631110212,19.894568873368605,8.491542587380025,0.3347,0.14605,0.06025,3.6–13.5,1.8–19.9,0.2677414089277051,low,17,1,0,0,0.2574024620530512,0.0,30.294117647058822,27.11764705882353,walk_forward_conformal
00-0039146,Jayden Reed,WR,GB,1.8949487540822632,3.692226277662911,7.05959805707761,13.53713786821013,19.74241465220142,8.488101360889171,0.33565,0.14815,0.05675,3.7–13.5,1.9–19.7,0.1090890459871218,low,38,1,0,0,0.1680014762963654,0.0303693887612264,28.764705882352946,28.941176470588236,walk_forward_conformal
00-0039384,Tyrone Tracy Jr.,RB,NYG,2.2766574984281336,4.116706093944872,7.069645736333889,12.976982412083936,17.531876591848977,8.46767738367911,0.3118,0.1017,0.0252,4.1–13.0,2.3–17.5,0.1088220079261354,low,32,1,0,0,0.101526501305171,0.4158953393919288,30.941176470588236,30.058823529411764,walk_forward_conformal
00-0036970,Kyle Pitts,TE,ATL,1.926369858236592,3.952601789158239,7.224855628906564,11.75658448951948,15.82716701829684,8.411949325548557,0.3269,0.13335,0.0516,4.0–11.8,1.9–15.8,0.1171589979195052,low,78,1,0,0,0.1971177971472488,0.0004776664402173,32.05882352941177,28.058823529411764,walk_forward_conformal
00-0036040,Juwan Johnson,TE,NO,1.8018255965132328,3.684971235659975,6.975964314489895,11.836549756947107,16.164602988915245,8.337800149773736,0.32485,0.1388,0.0569,3.7–11.8,1.8–16.2,0.1150720501460629,low,74,1,0,0,0.1535684184500693,0.0,34.76470588235294,25.58823529411765,walk_forward_conformal
00-0038041,Jake Ferguson,TE,DAL,1.713806413455101,3.6426700176547984,6.913418303870689,11.722200577478702,16.025523577304874,8.319354690569543,0.32215,0.13825,0.0549,3.6–11.7,1.7–16.0,0.1170110495190137,low,59,1,0,0,0.1605301019521816,0.0009516776173037,36.705882352941174,27.352941176470587,walk_forward_conformal
00-0038124,Christian Watson,WR,GB,0.1292632792136554,3.022713360206446,6.663187270947393,13.340316251373476,20.340526369102314,8.282161538306225,0.32255,0.1508,0.0672,3.0–13.3,0.1–20.3,0.123433970322558,low,47,1,0,0,0.1763183264437609,0.0092022316857789,28.764705882352946,28.941176470588236,walk_forward_conformal
00-0033090,Hunter Henry,TE,NE,1.652621696281709,3.261710276206138,6.639818530278494,11.973505845501656,16.47355552136845,8.277917838142155,0.3279,0.1487,0.0629,3.3–12.0,1.7–16.5,0.1161340476243139,low,78,1,0,0,0.1721368765211665,0.0,29.529411764705884,29.058823529411764,walk_forward_conformal
00-0037261,Khalil Shakir,WR,BUF,1.8188006122207667,3.715839364388065,6.898883913163672,12.985754812130068,19.0755597899713,8.199113107194734,0.31415,0.13085,0.0508,3.7–13.0,1.8–19.1,0.1254445599820887,low,57,1,0,0,0.185009803996203,0.0025800871886656,29.11764705882353,32.1764705882353,walk_forward_conformal
00-0040730,RJ Harvey,RB,DEN,1.3417851165881494,3.1177961849411866,6.444506212513887,13.091883720374597,18.259276707024892,8.178670812228642,0.31195,0.1187,0.03785,3.1–13.1,1.3–18.3,0.2531473987071971,low,17,1,0,0,0.1020837055509386,0.3130629906165643,36.05882352941177,26.823529411764707,walk_forward_conformal
00-0037816,Romeo Doubs,WR,NE,1.6576621760522663,3.1873817904156825,6.588190567083492,12.962998267546126,19.59235348314308,8.06947544695667,0.31205,0.1377,0.05545,3.2–13.0,1.7–19.6,0.3376392346130581,medium,59,0,1,0,0.1840273098211122,0.0003666585186995,29.529411764705884,29.058823529411764,walk_forward_conformal
00-0036407,Jerry Jeudy,WR,CLE,1.895206579782063,3.746705546589817,6.888471891978261,12.7227662199154,18.59025256901987,8.046932724943135,0.30435,0.12125,0.04375,3.7–12.7,1.9–18.6,0.1165986654920636,low,75,1,0,0,0.2105584118349519,0.0021337165877314,32.8235294117647,24.764705882352946,walk_forward_conformal
00-0034383,Dalton Schultz,TE,HOU,1.8353278493334635,3.7890915119996738,6.779767196987704,11.177864894406216,15.034876212441649,7.985755638732022,0.2969,0.1177,0.0425,3.8–11.2,1.8–15.0,0.1131912479361949,low,81,1,0,0,0.1767120987435101,0.0,34.23529411764706,27.941176470588236,walk_forward_conformal
00-0040663,Harold Fannin Jr.,TE,CLE,1.642320266859946,3.357980519428955,6.474243157301354,11.39551896760316,15.644812465093858,7.940054467292213,0.3038,0.1294,0.05015,3.4–11.4,1.6–15.6,0.2822782715477674,low,16,1,0,0,0.2184337539936711,0.0190785543608124,32.8235294117647,24.764705882352946,walk_forward_conformal
00-0040784,Quinshon Judkins,RB,CLE,1.795446408305034,3.523031627927721,6.432567819411131,12.440196815441,17.03732390928662,7.931929607538929,0.27965,0.08935,0.0237,3.5–12.4,1.8–17.0,0.2869002004434468,low,14,1,0,0,0.0827733868928385,0.6667494540346709,32.8235294117647,24.764705882352946,walk_forward_conformal
00-0040715,Cam Skattebo,RB,NYG,1.4208255164935557,3.160842847888844,6.289460798621564,12.62578588793803,17.321244516520522,7.867978729889318,0.287,0.09675,0.0274,3.2–12.6,1.4–17.3,0.3524811372470162,medium,8,1,0,0,0.1291630244755244,0.4029565650630118,30.941176470588236,30.058823529411764,walk_forward_conformal
00-0038608,Kayshon Boutte,WR,HOU,0.0,2.561503387977024,6.040914426224724,12.891915529853383,19.76695395642905,7.808418028257135,0.3028,0.14065,0.06085,2.6–12.9,0.0–19.8,0.3349206900333994,medium,32,0,1,0,0.1303922748176897,0.0,34.23529411764706,27.941176470588236,walk_forward_conformal
00-0035662,Marquise Brown,WR,PHI,1.5911862299740378,2.9893208784511702,6.384309693587991,12.654061032463142,19.012767822747826,7.791923706305452,0.2977,0.12675,0.04795,3.0–12.7,1.6–19.0,0.3435443295485985,medium,59,0,1,0,0.1821387191832463,0.0015298868628278,29.235294117647054,28.11764705882353,walk_forward_conformal
00-0039919,Rome Odunze,WR,CHI,1.6751373802679126,3.2255170020630715,6.41766936002645,12.551549161645058,18.634840585244316,7.769519878526856,0.2958,0.11975,0.04425,3.2–12.6,1.7–18.6,0.1420775671520348,low,29,1,0,0,0.2146529499625545,0.0026032526032526,33.76470588235294,29.705882352941178,walk_forward_conformal
00-0040734,TreVeyon Henderson,RB,NE,1.4859091958675286,3.1634417172861125,6.140678140829923,12.36797472032428,17.041609221858458,7.746654427715994,0.274,0.0903,0.0276,3.2–12.4,1.5–17.0,0.2600218497275386,low,17,1,0,0,0.0839263927556286,0.3647163281964214,29.529411764705884,29.058823529411764,walk_forward_conformal
00-0040129,Emeka Egbuka,WR,TB,1.6216856259177552,3.120816047106242,6.293662690161019,12.512131881760569,18.71988057218588,7.707448856730363,0.28735,0.1201,0.0445,3.1–12.5,1.6–18.7,0.2676959580474261,low,17,1,0,0,0.2356455366633572,0.0048199881959472,32.8235294117647,27.764705882352946,walk_forward_conformal
00-0036894,Pat Freiermuth,TE,PIT,1.6149397054804058,3.1634594984280606,6.275560416015812,11.026824919072013,15.316359560402242,7.704471720512192,0.28695,0.12035,0.0488,3.2–11.0,1.6–15.3,0.1167529887330538,low,74,1,0,0,0.1430665568159083,0.0,32.35294117647059,23.941176470588236,walk_forward_conformal
00-0034753,Mark Andrews,TE,BAL,1.484891402893019,2.787376097008348,6.0461359141237185,11.021382808544544,15.530163632300471,7.620751031792891,0.2875,0.12565,0.04885,2.8–11.0,1.5–15.5,0.1233717056469415,low,76,1,0,0,0.1847499658555298,0.0115240608908138,24.823529411764707,29.823529411764707,walk_forward_conformal
00-0038933,Dalton Kincaid,TE,BUF,1.5702765452423129,3.004942961009842,6.117053062272534,10.7308908438759,14.79249478214969,7.501251877344064,0.2747,0.11185,0.0425,3.0–10.7,1.6–14.8,0.1147084118152502,low,41,1,0,0,0.1719412817508483,0.0,29.11764705882353,32.1764705882353,walk_forward_conformal
00-0031610,Darren Waller,TE,CAR,0.0318558010714243,2.5286998329959527,5.957655296303288,10.924722069884051,15.330805770832386,7.483114215905313,0.28295,0.12125,0.04885,2.5–10.9,0.0–15.3,0.3344170862333321,medium,40,0,1,0,0.1704583579940601,0.0014805655049557,30.294117647058822,27.11764705882353,walk_forward_conformal
00-0033881,Evan Engram,TE,DEN,1.8133527586064997,3.725810343890666,6.510498747192298,10.356487349129274,13.542017715632404,7.468122526874468,0.25865,0.08425,0.02485,3.7–10.4,1.8–13.5,0.117057783432689,low,74,1,0,0,0.1786395330940201,0.0017621262169123,36.05882352941177,26.823529411764707,walk_forward_conformal
00-0038996,Tucker Kraft,TE,GB,0.0,2.4947828807110115,5.896026128055558,10.9493861985104,15.516870069137264,7.455261992300581,0.2836,0.1236,0.04935,2.5–10.9,0.0–15.5,0.1199017552186325,low,39,1,0,0,0.1501901432023838,0.0041850708085441,28.764705882352946,28.941176470588236,walk_forward_conformal
00-0038994,Jordan Addison,WR,MIN,0.5532791711517251,2.7653176452105392,6.012993629082619,12.163591917355031,18.262202271137596,7.408114203728063,0.27635,0.1123,0.0434,2.8–12.2,0.6–18.3,0.1175532261124221,low,46,1,0,0,0.1902691038878202,0.0045384785287226,28.470588235294116,24.11764705882353,walk_forward_conformal
00-0037197,Isiah Pacheco,RB,DET,1.7399480364997528,3.394547367463325,6.069559103387951,11.596968431303312,15.76273531607984,7.397207984946712,0.2308,0.06275,0.01355,3.4–11.6,1.7–15.8,0.3323447982967806,medium,51,0,1,0,0.0697757910894067,0.4305486957639857,34.23529411764706,26.0,walk_forward_conformal
00-0036259,Jauan Jennings,WR,MIN,0.0188940227309016,2.6620184852490243,5.892320591412927,12.076094375760178,18.37010383514912,7.297135389534373,0.2722,0.11155,0.03975,2.7–12.1,0.0–18.4,0.3442655724269353,medium,72,0,1,0,0.1858186146010053,0.0,28.470588235294116,24.11764705882353,walk_forward_conformal
00-0040128,Tyler Warren,TE,IND,1.605472247088342,3.189006517759988,6.015554059900496,10.427410680239142,14.112133115996295,7.292332750135715,0.2609,0.0974,0.0338,3.2–10.4,1.6–14.1,0.2613558725295405,low,17,1,0,0,0.2148440487569749,0.0137310526217175,32.1764705882353,26.0,walk_forward_conformal
00-0035229,T.J. Hockenson,TE,MIN,1.6641294783068206,3.2530535239910288,5.993828774367269,10.152475394562972,13.78077266150915,7.161865149614237,0.248,0.09125,0.0276,3.3–10.2,1.7–13.8,0.1197520743750812,low,69,1,0,0,0.1844756454201991,0.0015809176911013,28.470588235294116,24.11764705882353,walk_forward_conformal
00-0039032,Tyjae Spears,RB,TEN,1.3379338832533965,3.1015679552364297,5.843601718232512,11.386643661215578,15.59590249586672,7.137411566661502,0.2209,0.0576,0.0127,3.1–11.4,1.3–15.6,0.1079863265131716,low,42,1,0,0,0.1211069518621718,0.2483929496528092,33.529411764705884,22.235294117647054,walk_forward_conformal
00-0040583,Woody Marks,RB,HOU,1.2874121231648117,2.8252897472493004,5.371678734329237,11.15393210294422,15.375554509412598,6.880029559669091,0.20745,0.05715,0.0141,2.8–11.2,1.3–15.4,0.2609880576745219,low,16,1,0,0,0.0684081177524432,0.4405562138783441,34.23529411764706,27.941176470588236,walk_forward_conformal
00-0036309,Darnell Mooney,WR,NYG,0.0133390739915865,2.668276572487787,5.689658991199616,11.260040398365552,16.90067533522199,6.856320609002677,0.234,0.0847,0.02895,2.7–11.3,0.0–16.9,0.3454048402959556,medium,73,0,1,0,0.1867602669092208,0.0016166045221405,30.941176470588236,30.058823529411764,walk_forward_conformal
00-0039894,Xavier Worthy,WR,KC,1.2892015498360951,2.7842152282770845,5.663854131024637,11.232033583177971,16.832359967552314,6.836423764841868,0.2335,0.08335,0.02635,2.8–11.2,1.3–16.8,0.1313106499363371,low,30,1,0,0,0.1678745343117693,0.0384890496093759,34.35294117647059,25.294117647058822,walk_forward_conformal
00-0039901,Keon Coleman,WR,BUF,0.0,2.336085483338312,5.280014896526822,11.315153494116869,17.41220917048237,6.7120628944002485,0.23895,0.0944,0.035,2.3–11.3,0.0–17.4,0.1850938434029309,low,25,1,0,0,0.1620854773185254,0.0009182736455463,29.11764705882353,32.1764705882353,walk_forward_conformal
00-0036290,Cole Kmet,TE,CHI,0.0,2.2669106670162904,5.160620529766426,9.66475726520341,13.53415762062128,6.610745803044655,0.22715,0.0862,0.0328,2.3–9.7,0.0–13.5,0.1192495329506187,low,82,1,0,0,0.1275456490767782,0.0013304894681269,33.76470588235294,29.705882352941178,walk_forward_conformal
00-0036919,Kenny Gainwell,RB,TB,0.8270900638221919,2.452954777841952,5.105579010370082,10.854719796160476,15.050034851942602,6.556264331503831,0.198,0.05165,0.0125,2.5–10.9,0.8–15.1,0.3342253886432523,medium,83,0,1,0,0.106369650959006,0.1906051871843691,32.8235294117647,27.764705882352946,walk_forward_conformal
00-0035250,Devin Singletary,RB,NYG,1.0052041048666889,2.420388790306249,4.881988702532469,10.892412206691736,15.011047341341772,6.527443845909982,0.19325,0.0562,0.01365,2.4–10.9,1.0–15.0,0.1033168759498867,low,82,1,0,0,0.0533958569613314,0.31795363285506,30.941176470588236,30.058823529411764,walk_forward_conformal
00-0038563,Tre Tucker,WR,LV,0.3354713019145536,2.439008235867874,5.243842311537318,10.845095910433647,16.375314206406866,6.47617206700084,0.21655,0.0754,0.02295,2.4–10.8,0.3–16.4,0.1181219294924834,low,47,1,0,0,0.1570047401547736,0.0254359083371087,30.294117647058822,21.705882352941178,walk_forward_conformal
00-0039424,Devaughn Vele,WR,NO,0.0,2.161416681475432,5.008886123234532,10.965422432072009,16.783822456318987,6.469232489675608,0.2225,0.08475,0.03105,2.2–11.0,0.0–16.8,0.2110098641437722,low,22,1,0,0,0.129889470982564,0.0,34.76470588235294,25.58823529411765,walk_forward_conformal
00-0037545,Rashid Shaheed,WR,SEA,0.3818357521432305,2.499126524381224,5.236771354739391,10.758638743584784,16.27009673327474,6.456508297757174,0.2121,0.07355,0.02295,2.5–10.8,0.4–16.3,0.1215233927258462,low,51,1,0,0,0.164230609268516,0.018456711430352,28.294117647058822,29.823529411764707,walk_forward_conformal
00-0040242,Jacory Croskey-Merritt,RB,WAS,0.8826358774791951,2.22297782869475,4.620099381008104,10.888995279383815,15.04246506767209,6.456228301947726,0.19575,0.0586,0.0149,2.2–10.9,0.9–15.0,0.2441413160574585,low,17,1,0,0,0.0298203590894531,0.3700976982769878,27.58823529411765,28.470588235294116,walk_forward_conformal
00-0039868,Troy Franklin,WR,DEN,1.2316818498046085,2.342294748187917,5.182254972851835,10.747707015423153,16.25127962340267,6.405643577945302,0.20935,0.07215,0.0219,2.3–10.7,1.2–16.3,0.1178364372375286,low,33,1,0,0,0.1553088919691034,0.0094521099517593,36.05882352941177,26.823529411764707,walk_forward_conformal
00-0040126,Colston Loveland,TE,CHI,0.0,2.2472564981628103,5.076964148410513,9.327787063903006,12.864450862232252,6.375898569322019,0.2109,0.0732,0.0244,2.2–9.3,0.0–12.9,0.2835769239369975,low,16,1,0,0,0.1660905396557652,0.0018939393939393,33.76470588235294,29.705882352941178,walk_forward_conformal
00-0033110,Tyler Higbee,TE,LA,0.0,2.182230520664108,4.972756713360251,9.343735093775924,12.953235928385114,6.3751619119887435,0.21285,0.07785,0.02515,2.2–9.3,0.0–13.0,0.117527419130539,low,59,1,0,0,0.1387723494584976,0.0,35.1764705882353,27.352941176470587,walk_forward_conformal
00-0040170,Elic Ayomanor,WR,TEN,0.0,2.230332844539008,4.970298368795875,10.555047993161196,16.192542484169767,6.238857484985476,0.2064,0.07145,0.02315,2.2–10.6,0.0–16.2,0.275561568531776,low,16,1,0,0,0.1847526105012788,0.0,33.529411764705884,22.235294117647054,walk_forward_conformal
00-0040236,Kyle Monangai,RB,CHI,0.8325541201356983,2.247657885356459,4.566716374862446,10.18680851971302,14.27101446380646,6.12061499828726,0.16835,0.04205,0.00865,2.2–10.2,0.8–14.3,0.252180290975674,low,17,1,0,0,0.0572234898906835,0.3209983511374446,33.76470588235294,29.705882352941178,walk_forward_conformal
00-0037746,Brian Robinson,RB,ATL,0.788513882797353,2.146224932883501,4.3792371719298515,10.377295825660484,14.51643953735008,6.112718211298443,0.17465,0.04605,0.0104,2.1–10.4,0.8–14.5,0.3232932555123717,low,58,0,1,0,0.0412223205387669,0.3292149128931756,32.05882352941177,28.058823529411764,walk_forward_conformal
00-0039491,Jalen Coker,WR,CAR,0.0,2.241082698407646,4.86616055657977,10.141309345581645,15.672884293871974,6.075728374564166,0.1905,0.06505,0.0203,2.2–10.1,0.0–15.7,0.2169821801423706,low,22,1,0,0,0.1516078838013847,0.0,30.294117647058822,27.11764705882353,walk_forward_conformal
00-0038129,Cade Otton,TE,TB,1.45147950373308,2.5674148796717384,5.03522865262872,8.538301602177288,11.45765340651312,6.015879683538403,0.17095,0.0491,0.0133,2.6–8.5,1.5–11.5,0.1192097551324753,low,62,1,0,0,0.1578492523211452,0.0007910891715714,32.8235294117647,27.764705882352946,walk_forward_conformal
00-0033307,Kendrick Bourne,WR,ARI,0.0,2.277763216262759,4.905197160088246,10.09657408736624,15.396382131269531,6.009120942698618,0.1831,0.05905,0.01785,2.3–10.1,0.0–15.4,0.3328551180619593,medium,67,0,1,0,0.1157235462200112,0.0051470539069023,38.1764705882353,21.529411764705884,walk_forward_conformal
00-0035535,Darius Slayton,WR,NYG,0.0,2.296420601233985,4.922505912596103,10.176181378646842,15.56007162868085,6.003523180173742,0.1866,0.0626,0.0179,2.3–10.2,0.0–15.6,0.1145715567532903,low,73,1,0,0,0.1521162465684053,0.0020550403610205,30.941176470588236,30.058823529411764,walk_forward_conformal
00-0038621,DeMario Douglas,WR,NE,0.1276342098304161,2.320205811297143,4.928292848959371,10.114804848664482,15.22919652776473,5.995594290849031,0.17865,0.05825,0.01785,2.3–10.1,0.1–15.2,0.1199201425991296,low,46,1,0,0,0.1384293802746672,0.0153929364831921,29.529411764705884,29.058823529411764,walk_forward_conformal
00-0040735,Luther Burden III,WR,CHI,0.1092009169010999,2.1947747030778713,4.743755436793196,10.021202710340784,15.350653467330332,5.932816107088856,0.18115,0.0584,0.01825,2.2–10.0,0.1–15.4,0.2844045035104544,low,15,1,0,0,0.1305023578955289,0.013837660661395,33.76470588235294,29.705882352941178,walk_forward_conformal
00-0037838,Isaiah Likely,TE,NYG,0.0,1.9467728973654856,4.404737799656553,8.867983620908333,12.655947194285522,5.930206960684156,0.196,0.0716,0.0252,1.9–8.9,0.0–12.7,0.3333506748882326,medium,55,0,1,0,0.1236114077672834,0.0,30.941176470588236,30.058823529411764,walk_forward_conformal
00-0039855,Jalen McMillan,WR,TB,0.0,2.0527297448622024,4.489778478285261,10.00014632352496,15.686076290060187,5.857444956711492,0.18665,0.0657,0.02215,2.1–10.0,0.0–15.7,0.2624903725447267,low,17,1,0,0,0.1252543848890766,0.0094856437530029,32.8235294117647,27.764705882352946,walk_forward_conformal
00-0038606,Parker Washington,WR,JAX,0.0,2.0323021136024275,4.555864514379149,9.94684231771828,15.529711636063295,5.83590929109344,0.18225,0.0616,0.0183,2.0–9.9,0.0–15.5,0.1250773124680599,low,38,1,0,0,0.1461515152985757,0.0109128141325831,33.11764705882353,28.764705882352946,walk_forward_conformal
00-0038935,Brenton Strange,TE,JAX,0.0,2.0836399257312572,4.576175043383252,8.387856389050754,11.64327058524434,5.772155528770004,0.17435,0.05485,0.01575,2.1–8.4,0.0–11.6,0.113809212578854,low,33,1,0,0,0.1284050355755361,0.0,33.11764705882353,28.764705882352946,walk_forward_conformal
00-0033555,Mack Hollins,WR,NE,0.0,1.814718042152424,4.183576332679964,10.01793478060349,15.850303154001027,5.741139143614143,0.18975,0.0707,0.0237,1.8–10.0,0.0–15.9,0.1208383052133475,low,75,1,0,0,0.1276514036034779,0.0015769395757184,29.529411764705884,29.058823529411764,walk_forward_conformal
00-0040189,Oronde Gadsden II,TE,LAC,0.0,2.045096756492068,4.472585191109053,8.300968911694167,11.593308632230416,5.6872248471398095,0.16985,0.05435,0.01665,2.0–8.3,0.0–11.6,0.2806235595966484,low,15,1,0,0,0.1442236844181001,0.0,33.470588235294116,27.41176470588235,walk_forward_conformal
00-0039847,Theo Johnson,TE,NYG,0.0,2.015485962612849,4.344219949800831,8.112937467601572,11.381287460257589,5.552263585463076,0.15975,0.0519,0.01435,2.0–8.1,0.0–11.4,0.1743604960834636,low,26,1,0,0,0.1570978365779379,0.0,30.941176470588236,30.058823529411764,walk_forward_conformal
00-0037809,Chig Okonkwo,TE,WAS,0.0,2.0260475434234837,4.396425925581803,8.078378511596648,11.245483296248274,5.541325370742247,0.16045,0.0479,0.0127,2.0–8.1,0.0–11.2,0.3324570695371986,medium,66,0,1,0,0.146711564551959,0.0018155440313777,27.58823529411765,28.470588235294116,walk_forward_conformal
00-0034829,Mike Gesicki,TE,CIN,0.0,2.005013645583679,4.335442234264727,8.0234509101351,11.144293847196783,5.5183736840856445,0.15645,0.046,0.0126,2.0–8.0,0.0–11.1,0.1123809334527414,low,77,1,0,0,0.1144869645750175,0.0,37.64705882352941,22.41176470588235,walk_forward_conformal
00-0035644,Noah Fant,TE,NO,0.0,1.9632667962232873,4.274843211200356,7.962478724373008,11.26521638004046,5.494974537403583,0.15745,0.04995,0.0148,2.0–8.0,0.0–11.3,0.3309799102202111,medium,75,0,1,0,0.1129325483102054,0.0,34.76470588235294,25.58823529411765,walk_forward_conformal
00-0041052,Kaelon Black,RB,SF,0.3367696715871318,1.609497739594631,3.786321168004221,9.425007618670053,13.566155334251008,5.431893179839694,0.13505,0.03325,0.0072,1.6–9.4,0.3–13.6,0.716,high,0,0,0,1,0.0638616387536835,0.2854515436224629,33.76470588235294,28.294117647058822,walk_forward_conformal
00-0040177,Jordan James,RB,SF,0.3484113881922419,1.6209092363280906,3.8030148358195746,9.434976921212735,13.51387285824189,5.428816257988168,0.1347,0.0318,0.0083,1.6–9.4,0.3–13.5,0.716,high,0,0,0,1,0.0638616387536835,0.2854515436224629,33.76470588235294,28.294117647058822,walk_forward_conformal
00-0041512,Jadarian Price,RB,SEA,0.3107967714158843,1.5932383503279808,3.7742358369726783,9.429597246201723,13.564980081957248,5.414813152072151,0.13735,0.0325,0.00705,1.6–9.4,0.3–13.6,0.716,high,0,0,0,1,0.0638616387536835,0.2854515436224629,28.294117647058822,29.823529411764707,walk_forward_conformal
00-0041070,Reggie Virgil,WR,ARI,0.0,1.7777045229134307,3.980137794422275,9.496208077421205,15.068597738494784,5.406299710120565,0.1679,0.0573,0.0186,1.8–9.5,0.0–15.1,0.716,high,0,0,0,1,0.1307831132003624,0.0066580260288817,38.1764705882353,21.529411764705884,walk_forward_conformal
00-0029892,Kyle Juszczyk,RB,SF,0.3543668745878059,1.575540533933899,3.7392227782888536,9.34996750705617,13.517027927092313,5.3989372942768385,0.1348,0.03535,0.0081,1.6–9.3,0.4–13.5,0.716,high,0,0,0,1,0.0638616387536835,0.2854515436224629,33.76470588235294,28.294117647058822,walk_forward_conformal
00-0041496,Jonah Coleman,RB,DEN,0.251612916746881,1.5617095650460215,3.7419375864087936,9.3148033057314,13.362819217291438,5.333434098907071,0.13,0.03165,0.0067,1.6–9.3,0.3–13.4,0.716,high,0,0,0,1,0.0638616387536835,0.2854515436224629,36.05882352941177,26.823529411764707,walk_forward_conformal
00-0041069,Colbie Young,WR,CIN,0.0,1.7376310605165073,3.9421836741052374,9.385156212822016,15.06633892795598,5.327769189539158,0.162,0.0565,0.0203,1.7–9.4,0.0–15.1,0.716,high,0,0,0,1,0.1307831132003624,0.0066580260288817,37.64705882352941,22.41176470588235,walk_forward_conformal
00-0037525,Jordan Mason,RB,MIN,0.4853385868194027,1.6571841925592865,3.666210358404456,9.31272993301401,13.231996522786815,5.314480150860608,0.12755,0.02995,0.0052,1.7–9.3,0.5–13.2,0.0963767971196027,low,56,1,0,0,0.0290002814486727,0.3370245937270664,28.470588235294116,24.11764705882353,walk_forward_conformal
00-0035689,Dawson Knox,TE,BUF,0.0,1.7826171522520098,3.81086336332935,8.100812425139589,11.648489218578463,5.310529900406873,0.1693,0.0571,0.0182,1.8–8.1,0.0–11.6,0.1102861682426255,low,70,1,0,0,0.105921921361065,0.0,29.11764705882353,32.1764705882353,walk_forward_conformal
00-0039342,Xavier Legette,WR,CAR,0.0,1.919100729545061,4.152309721143036,9.157005025165429,14.2639631669277,5.270547324743152,0.1449,0.0418,0.0116,1.9–9.2,0.0–14.3,0.1398228818050096,low,30,1,0,0,0.1588504492072826,0.008903533430653,30.294117647058822,27.11764705882353,walk_forward_conformal
00-0039391,Kimani Vidal,RB,LAC,0.5697081685827659,1.8470223549523856,3.930518678946937,8.858793640924825,12.744818163377325,5.267891677681213,0.10905,0.0225,0.0033,1.8–8.9,0.6–12.7,0.1984147726669193,low,22,1,0,0,0.0470916543555577,0.3388614589085709,33.470588235294116,27.41176470588235,walk_forward_conformal
00-0035125,Alec Ingold,RB,LAC,0.2855661337595241,1.5336962586926104,3.680206599702665,9.145489045810884,13.171205356572344,5.266491357136739,0.1251,0.03115,0.00645,1.5–9.1,0.3–13.2,0.716,high,0,0,0,1,0.0638616387536835,0.2854515436224629,33.470588235294116,27.41176470588235,walk_forward_conformal
00-0040785,Dohnte Meyers,WR,CIN,0.0,1.7164684796263048,3.878361586690123,9.27273929093487,14.957803841106154,5.264179196753662,0.15665,0.05605,0.01945,1.7–9.3,0.0–15.0,0.716,high,0,0,0,1,0.1307831132003624,0.0066580260288817,37.64705882352941,22.41176470588235,walk_forward_conformal
00-0036988,Josh Palmer,WR,BUF,0.0,2.115083045461988,4.2486158750786185,9.092175886407556,14.035223033408595,5.2611098181535825,0.13745,0.0408,0.01285,2.1–9.1,0.0–14.0,0.1166226832424637,low,68,1,0,0,0.1305995323798846,0.0007984119106699,29.11764705882353,32.1764705882353,walk_forward_conformal
00-0037157,Bam Knight,RB,ARI,0.0917508847855801,1.3678897869579425,3.5454798483078873,9.485265929619567,13.34316920783387,5.250236229616723,0.1312,0.03375,0.00745,1.4–9.5,0.1–13.3,0.2108210330713365,low,21,1,0,0,0.0595304053237297,0.3288386945142856,38.1764705882353,21.529411764705884,walk_forward_conformal
00-0036244,Colby Parkinson,TE,LA,0.0,1.7091991293800746,3.774484645838672,7.886222649349443,11.439724060184249,5.2256011573921235,0.1592,0.05345,0.01605,1.7–7.9,0.0–11.4,0.1105115930069247,low,64,1,0,0,0.0988713608343268,0.0,35.1764705882353,27.352941176470587,walk_forward_conformal
00-0040930,Camden Brown,WR,DAL,0.0,1.7011939667076077,3.818163489151515,9.23458193486731,14.880514516916156,5.186247753436304,0.15405,0.05605,0.01665,1.7–9.2,0.0–14.9,0.716,high,0,0,0,1,0.1307831132003624,0.0066580260288817,36.705882352941174,27.352941176470587,walk_forward_conformal
00-0035208,Olamide Zaccheaus,WR,ATL,0.0,1.8404404545089037,4.0070147329884875,9.052450651136246,14.21581371212534,5.168044326641749,0.14005,0.0434,0.0133,1.8–9.1,0.0–14.2,0.3357864209857432,medium,72,0,1,0,0.1326186270895656,0.0051044166976158,32.05882352941177,28.058823529411764,walk_forward_conformal
00-0041096,Kaytron Allen,RB,WAS,0.2442354910765214,1.4546359160637723,3.5488155364888394,9.11441244828774,13.132586561732882,5.16001659563015,0.1219,0.0284,0.0053,1.5–9.1,0.2–13.1,0.716,high,0,0,0,1,0.0638616387536835,0.2854515436224629,27.58823529411765,28.470588235294116,walk_forward_conformal
00-0039811,MarShawn Lloyd,RB,GB,0.3249986513826834,1.5417164246597217,3.5993213872753005,8.979338217626958,13.008332359136624,5.1475237426891995,0.1183,0.02525,0.00475,1.5–9.0,0.3–13.0,0.51,medium,1,1,0,0,0.0769230769230769,0.1132075471698113,28.764705882352946,28.941176470588236,walk_forward_conformal
00-0039652,Jabari Small,RB,DET,0.1961567943098325,1.4303897260624412,3.514569977314391,9.02027710888925,13.141166985420051,5.140413146149994,0.1226,0.0294,0.00665,1.4–9.0,0.2–13.1,0.716,high,0,0,0,1,0.0638616387536835,0.2854515436224629,34.23529411764706,26.0,walk_forward_conformal
00-0038611,Chris Rodriguez Jr.,RB,JAX,0.1032042383827849,1.1180653549841626,3.0374851951018935,9.679350099493046,13.323431594693922,5.121742210684214,0.12655,0.0399,0.01,1.1–9.7,0.1–13.3,0.3476994883241927,medium,28,0,1,0,0.0100977801185476,0.2629767439703684,33.11764705882353,28.764705882352946,walk_forward_conformal
00-0039793,AJ Barner,TE,SEA,0.0,1.722392947033351,3.7159485998428528,7.830339672778804,11.059287489827824,5.116843765014007,0.15135,0.04855,0.01455,1.7–7.8,0.0–11.1,0.1124444133184217,low,32,1,0,0,0.1178113559435643,0.0121840427717056,28.294117647058822,29.823529411764707,walk_forward_conformal
00-0041125,Seth McGowan,RB,IND,0.1704070853118144,1.3993505688001884,3.486447964184798,9.063942175130332,13.14292019782438,5.100007743355539,0.1219,0.02695,0.0048,1.4–9.1,0.2–13.1,0.716,high,0,0,0,1,0.0638616387536835,0.2854515436224629,32.1764705882353,26.0,walk_forward_conformal
00-0037263,Tyler Allgeier,RB,ARI,0.1314951930232459,1.2443223236894392,3.242725215769441,9.25027936648295,13.13029743400049,5.063257443393841,0.12195,0.0346,0.00715,1.2–9.3,0.1–13.1,0.3188668513671447,low,67,0,1,0,0.032846581072543,0.3018095319825588,38.1764705882353,21.529411764705884,walk_forward_conformal
00-0041013,Emmett Johnson,RB,KC,0.1569081401401633,1.385116684825186,3.4918191389289066,8.901623861322944,13.03963077469706,5.059811614404296,0.1184,0.0268,0.0056,1.4–8.9,0.2–13.0,0.716,high,0,0,0,1,0.0638616387536835,0.2854515436224629,34.35294117647059,25.294117647058822,walk_forward_conformal
00-0038619,Andrei Iosivas,WR,CIN,0.0,1.6479564062867893,3.5268860358329395,9.294121744285606,14.577034735914836,5.001145252169819,0.1519,0.0489,0.0146,1.6–9.3,0.0–14.6,0.1087865493500807,low,43,1,0,0,0.0962944522839377,0.0060634977435836,37.64705882352941,22.41176470588235,walk_forward_conformal
00-0040466,Raheim Sanders,RB,CLE,0.1480570009672734,1.3324604607720496,3.391911363104282,8.925867168617563,12.797006433985429,4.988033970037816,0.11015,0.02455,0.0053,1.3–8.9,0.1–12.8,0.3748684422465096,medium,4,1,0,0,0.0429031515988037,0.2520430107526882,32.8235294117647,24.764705882352946,walk_forward_conformal
00-0034959,Andrew Beck,RB,NYJ,0.1965182816866089,1.3830439938884806,3.4221726703163062,8.76288553528533,12.765298330748491,4.982875584045817,0.1091,0.0252,0.0054,1.4–8.8,0.2–12.8,0.716,high,0,0,0,1,0.0638616387536835,0.2854515436224629,29.058823529411764,26.823529411764707,walk_forward_conformal
00-0041067,Bryce Lance,WR,NO,0.0,1.6463840610868363,3.6048331148477586,8.81748604106196,14.372210704041636,4.932870004898827,0.1402,0.04865,0.0152,1.6–8.8,0.0–14.4,0.716,high,0,0,0,1,0.1307831132003624,0.0066580260288817,34.76470588235294,25.58823529411765,walk_forward_conformal
00-0036265,AJ Dillon,RB,CAR,0.5169933480976596,1.7039659732998826,3.6097398102050846,8.318012251294189,12.169075160640698,4.921831937736264,0.089,0.0153,0.0022,1.7–8.3,0.5–12.2,0.3240607657309995,low,55,0,1,0,0.0475586532300574,0.3146804777027743,30.294117647058822,27.11764705882353,walk_forward_conformal
00-0041099,Barion Brown,WR,NO,0.0,1.6287530147450575,3.5542963721110934,8.858152371390329,14.330937095694154,4.9204590142999685,0.14155,0.0487,0.01525,1.6–8.9,0.0–14.3,0.716,high,0,0,0,1,0.1307831132003624,0.0066580260288817,34.76470588235294,25.58823529411765,walk_forward_conformal
00-0041399,CJ Daniels,WR,LA,0.0,1.6338443780305965,3.498463768237485,8.753844466381533,14.28622291305082,4.896595307666992,0.13985,0.049,0.01635,1.6–8.8,0.0–14.3,0.716,high,0,0,0,1,0.1307831132003624,0.0066580260288817,35.1764705882353,27.352941176470587,walk_forward_conformal
00-0040890,Cyrus Allen,WR,KC,0.0,1.629380671747639,3.5555058450716595,8.825734837169204,14.125952179923152,4.874712618517057,0.13905,0.0447,0.01445,1.6–8.8,0.0–14.1,0.716,high,0,0,0,1,0.1307831132003624,0.0066580260288817,34.35294117647059,25.294117647058822,walk_forward_conformal
00-0031595,Michael Burton,RB,CLE,0.1107578333653749,1.2979704582622018,3.305357311338813,8.647827834279129,12.61256828334459,4.868314702030282,0.1046,0.02305,0.0041,1.3–8.6,0.1–12.6,0.716,high,0,0,0,1,0.0638616387536835,0.2854515436224629,32.8235294117647,24.764705882352946,walk_forward_conformal
00-0037524,Tay Martin,WR,DET,0.0,1.575323358251696,3.363871331209754,8.729343731099908,14.303608531761125,4.8410857927430415,0.1416,0.04935,0.016,1.6–8.7,0.0–14.3,0.5930951190241982,medium,4,0,1,0,0.0466259849751697,0.0,34.23529411764706,26.0,walk_forward_conformal
00-0032392,Austin Hooper,TE,ATL,0.0,1.7279367055212975,3.630316064796215,7.136439986357067,10.507641958104788,4.840228002038873,0.13325,0.04215,0.01215,1.7–7.1,0.0–10.5,0.3282173162654481,low,78,0,1,0,0.0965468343006541,0.0,32.05882352941177,28.058823529411764,walk_forward_conformal
00-0037252,Greg Dulcich,TE,MIA,0.0,1.8565193618295697,3.839112984113079,7.042053018584585,10.028103801991843,4.818304125208323,0.1199,0.03045,0.0078,1.9–7.0,0.0–10.0,0.1894167167285331,low,25,1,0,0,0.1426692670010323,0.0023342670401493,28.176470588235293,25.41176470588235,walk_forward_conformal
00-0040719,Bhayshul Tuten,RB,JAX,0.0153826384561834,1.0953557053415932,3.0026628445171815,8.941193264215867,12.883678629110433,4.810892613970836,0.1122,0.02825,0.0056,1.1–8.9,0.0–12.9,0.2624434164342718,low,15,1,0,0,0.0297443568753497,0.1882041978696514,33.11764705882353,28.764705882352946,walk_forward_conformal
00-0038393,Dontayvion Wicks,WR,PHI,0.0,1.7695064828579177,3.695452027016636,8.555581915356633,13.556470455793232,4.809743749928461,0.1243,0.0332,0.0089,1.8–8.6,0.0–13.6,0.3358356832439041,medium,45,0,1,0,0.1387964913937242,0.0015995498754119,29.235294117647054,28.11764705882353,walk_forward_conformal
00-0036550,Rashod Bateman,WR,BAL,0.0,1.722509158486821,3.553776245797972,8.640340124320568,13.8200100754298,4.800995885404706,0.1326,0.04055,0.01205,1.7–8.6,0.0–13.8,0.1147486014670354,low,62,1,0,0,0.1424877365100479,0.0004023763452782,24.823529411764707,29.823529411764707,walk_forward_conformal
00-0040134,Pat Bryant,WR,DEN,0.0,1.7896445488133232,3.706972558694503,8.491982753936432,13.52266212899811,4.795883026571632,0.1241,0.0356,0.0092,1.8–8.5,0.0–13.5,0.2986649299217246,low,13,1,0,0,0.1095919687239982,0.0,36.05882352941177,26.823529411764707,walk_forward_conformal
00-0040705,Chimere Dike,WR,TEN,0.0141729232584901,1.7385863903431926,3.683646355783637,8.437862541242843,13.420486688698436,4.786703310444677,0.1213,0.0338,0.0079,1.7–8.4,0.0–13.4,0.2633270271768617,low,17,1,0,0,0.1389794340061639,0.0322076701360588,33.529411764705884,22.235294117647054,walk_forward_conformal
00-0041436,DJ Herman,RB,MIA,0.088075609233041,1.2382449127075308,3.227449241469149,8.502445314108112,12.509621625691056,4.768324163296618,0.1016,0.02115,0.00385,1.2–8.5,0.1–12.5,0.716,high,0,0,0,1,0.0638616387536835,0.2854515436224629,28.176470588235293,25.41176470588235,walk_forward_conformal
00-0041438,Carnell Tate,WR,TEN,0.0,1.5841312585385476,3.4570002807062536,8.551956353161108,14.011532101376972,4.7680475637675395,0.13285,0.04465,0.0134,1.6–8.6,0.0–14.0,0.716,high,0,0,0,1,0.1307831132003624,0.0066580260288817,33.529411764705884,22.235294117647054,walk_forward_conformal
00-0038728,Jared Wayne,WR,HOU,0.0,1.6837338100979398,3.567743874732019,8.519940093722779,13.723695467765806,4.762187987233403,0.12825,0.03735,0.0099,1.7–8.5,0.0–13.7,0.51,medium,1,1,0,0,0.0526315789473684,0.0,34.23529411764706,27.941176470588236,walk_forward_conformal
00-0040736,Mason Taylor,TE,NYJ,0.0,1.724655198224987,3.673184420272337,6.974987372391056,9.878134405690624,4.755982144671483,0.1166,0.03105,0.00745,1.7–7.0,0.0–9.9,0.304898910223544,low,13,1,0,0,0.1720470011102765,0.0,29.058823529411764,26.823529411764707,walk_forward_conformal
00-0041027,Jeremiyah Love,RB,ARI,0.0011535572210674,1.177843941158799,3.1893213974103314,8.439042700086935,12.515639250652452,4.748263592683363,0.1012,0.0241,0.0045,1.2–8.4,0.0–12.5,0.716,high,0,0,0,1,0.0638616387536835,0.2854515436224629,38.1764705882353,21.529411764705884,walk_forward_conformal
00-0039410,Ryan Flournoy,WR,DAL,0.0,1.5578544501595355,3.353643380194958,8.775552508867786,13.930121815524304,4.741569710872772,0.13215,0.0429,0.0133,1.6–8.8,0.0–13.9,0.2039410567975095,low,24,1,0,0,0.0922815810998993,0.007846011502465,36.705882352941174,27.352941176470587,walk_forward_conformal
00-0041490,Eli Heidenreich,RB,PIT,0.0420881913439454,1.215891177439079,3.2067348525586272,8.37129175792439,12.489077194988898,4.731920025645665,0.10075,0.02135,0.0045,1.2–8.4,0.0–12.5,0.716,high,0,0,0,1,0.0638616387536835,0.2854515436224629,32.35294117647059,23.941176470588236,walk_forward_conformal
00-0040718,Travis Hunter,WR,JAX,0.0,1.56622163487036,3.353870250889761,8.474195633989812,14.054581488711692,4.718702912060204,0.13415,0.04365,0.0134,1.6–8.5,0.0–14.1,0.716,high,0,0,0,1,0.1307831132003624,0.0066580260288817,33.11764705882353,28.764705882352946,walk_forward_conformal
00-0041051,Zavion Thomas,WR,CHI,0.0,1.5811910563362224,3.4544822581052066,8.522316230089306,13.890194584612797,4.7184959064926995,0.13105,0.04295,0.01305,1.6–8.5,0.0–13.9,0.716,high,0,0,0,1,0.1307831132003624,0.0066580260288817,33.76470588235294,29.705882352941178,walk_forward_conformal
00-0041035,De'Zhaun Stribling,WR,SF,0.0,1.5718405484843858,3.3990545101650858,8.421781828898748,13.910261101465478,4.717674325185555,0.1317,0.04515,0.0138,1.6–8.4,0.0–13.9,0.716,high,0,0,0,1,0.1307831132003624,0.0066580260288817,33.76470588235294,28.294117647058822,walk_forward_conformal
00-0036849,Tutu Atwell,WR,LA,0.0,1.591051649521432,3.343542133870955,8.570025002969441,13.821671172497076,4.712059868060843,0.1279,0.03875,0.01075,1.6–8.6,0.0–13.8,0.1238673746716593,low,55,1,0,0,0.1050577032362836,0.0078655624804958,35.1764705882353,27.352941176470587,walk_forward_conformal
00-0041547,KC Concepcion,WR,CLE,0.0,1.5609859396787065,3.3824158435010703,8.478248912375953,13.836639344959394,4.7012382806576,0.1294,0.04225,0.01365,1.6–8.5,0.0–13.8,0.716,high,0,0,0,1,0.1307831132003624,0.0066580260288817,32.8235294117647,24.764705882352946,walk_forward_conformal
00-0034975,Justice Hill,RB,BAL,0.0,0.984417831926488,3.0770018265484893,8.574026989580954,12.709548874900293,4.68760586987572,0.10655,0.0261,0.00585,1.0–8.6,0.0–12.7,0.120265881557841,low,56,1,0,0,0.0988965194789794,0.1024161801940982,24.823529411764707,29.823529411764707,walk_forward_conformal
00-0041550,Brenen Thompson,WR,LAC,0.0,1.5524133483410854,3.3617515884508835,8.387152484729452,13.889812653898462,4.677227339774322,0.12965,0.04195,0.0127,1.6–8.4,0.0–13.9,0.716,high,0,0,0,1,0.1307831132003624,0.0066580260288817,33.470588235294116,27.41176470588235,walk_forward_conformal
00-0040522,Xavier Restrepo,WR,TEN,0.0,1.6978468716543706,3.5684463479328983,8.354035799155097,13.393377637604562,4.671516361426585,0.1197,0.03385,0.00905,1.7–8.4,0.0–13.4,0.4110375939849624,medium,2,1,0,0,0.0932330827067668,0.0,33.529411764705884,22.235294117647054,walk_forward_conformal
00-0041100,Josh Cameron,WR,JAX,0.0,1.5559143131779556,3.353288913616927,8.447466273220487,13.869155954041066,4.66646815139014,0.1286,0.04065,0.01175,1.6–8.4,0.0–13.9,0.716,high,0,0,0,1,0.1307831132003624,0.0066580260288817,33.11764705882353,28.764705882352946,walk_forward_conformal
00-0041048,Ted Hurst III,WR,TB,0.0,1.568409636874248,3.346211292215046,8.380116679492273,13.839668743799477,4.659568862932056,0.12795,0.0417,0.01175,1.6–8.4,0.0–13.8,0.716,high,0,0,0,1,0.1307831132003624,0.0066580260288817,32.8235294117647,27.764705882352946,walk_forward_conformal
00-0041106,C.J. Williams,WR,JAX,0.0,1.5471705767348118,3.362650270848514,8.40310252090475,13.652932329603903,4.650577095515042,0.12545,0.0404,0.01205,1.5–8.4,0.0–13.7,0.716,high,0,0,0,1,0.1307831132003624,0.0066580260288817,33.11764705882353,28.764705882352946,walk_forward_conformal
00-0039373,Audric Estimé,RB,NO,0.2874572982479002,1.406716251002316,3.244146371920953,7.907227530246542,11.930632228505594,4.614058750008601,0.0828,0.0145,0.00175,1.4–7.9,0.3–11.9,0.2412272738123744,low,18,1,0,0,0.0359633809221278,0.2765384860766481,34.76470588235294,25.58823529411765,walk_forward_conformal
00-0037231,Kevin Austin Jr.,WR,NO,0.0,1.7163729827147007,3.5784994553294576,8.20924292481112,13.155321386365618,4.607202153630899,0.11255,0.031,0.0071,1.7–8.2,0.0–13.2,0.3018745338182105,low,13,1,0,0,0.1170998750548397,0.0019749835418038,34.76470588235294,25.58823529411765,walk_forward_conformal
00-0032775,Demarcus Robinson,WR,SF,0.0,1.5155467457623932,3.1206927570929843,8.431097860207334,13.909347047997574,4.606737046920411,0.12995,0.0407,0.01155,1.5–8.4,0.0–13.9,0.1136601824803628,low,69,1,0,0,0.1034380629139497,0.0012374734171064,33.76470588235294,28.294117647058822,walk_forward_conformal
00-0041037,Denzel Boston,WR,CLE,0.0,1.5442964650980744,3.2860713522199503,8.337238507764317,13.63399068927998,4.599519215795357,0.1237,0.0394,0.01145,1.5–8.3,0.0–13.6,0.716,high,0,0,0,1,0.1307831132003624,0.0066580260288817,32.8235294117647,24.764705882352946,walk_forward_conformal
00-0041081,Max Bredeson,RB,MIN,0.0250651246064339,1.169373245536812,3.0880239556548457,8.087799905540415,12.172675615216082,4.579247900812468,0.0905,0.0189,0.0041,1.2–8.1,0.0–12.2,0.716,high,0,0,0,1,0.0638616387536835,0.2854515436224629,28.470588235294116,24.11764705882353,walk_forward_conformal
00-0037112,Jake Tonges,TE,SF,0.0,1.4374583797178184,3.0849422889246307,7.10290843775922,10.330393713657989,4.572884390331134,0.1291,0.04345,0.01365,1.4–7.1,0.0–10.3,0.3109905043798892,low,13,1,0,0,0.1078612472624013,0.0,33.76470588235294,28.294117647058822,walk_forward_conformal
00-0041104,Demond Claiborne,RB,MIN,0.016781418046708,1.1576654133766748,3.073051749232416,8.120398104405004,12.170747325334894,4.570878185792938,0.0914,0.0191,0.0034,1.2–8.1,0.0–12.2,0.716,high,0,0,0,1,0.0638616387536835,0.2854515436224629,28.470588235294116,24.11764705882353,walk_forward_conformal
00-0041489,Germie Bernard,WR,PIT,0.0,1.5271668980910742,3.2529891103087083,8.240475091755489,13.509754499346982,4.566037034575674,0.11965,0.04025,0.0124,1.5–8.2,0.0–13.5,0.716,high,0,0,0,1,0.1307831132003624,0.0066580260288817,32.35294117647059,23.941176470588236,walk_forward_conformal
00-0040886,Nicholas Singleton,RB,TEN,0.0,1.1185219155975474,3.0066570357855085,8.153061272013362,12.201891659869847,4.564940330816511,0.09265,0.0199,0.0044,1.1–8.2,0.0–12.2,0.716,high,0,0,0,1,0.0638616387536835,0.2854515436224629,33.529411764705884,22.235294117647054,walk_forward_conformal
00-0040584,Gunnar Helm,TE,TEN,0.0,1.6338314535411758,3.4403747413573074,6.6211418025704285,9.57512540725772,4.540101634716374,0.10965,0.03085,0.0076,1.6–6.6,0.0–9.6,0.2625256268266967,low,16,1,0,0,0.1065032358486984,0.0,33.529411764705884,22.235294117647054,walk_forward_conformal
00-0041132,Deion Burks,WR,IND,0.0,1.519532699609338,3.2442261914454646,8.23683639342138,13.48832482320365,4.536949661125958,0.12045,0.0377,0.0114,1.5–8.2,0.0–13.5,0.716,high,0,0,0,1,0.1307831132003624,0.0066580260288817,32.1764705882353,26.0,walk_forward_conformal
00-0040172,Jordan Watkins,WR,SF,0.0,1.660084703113097,3.42751899183055,8.155700134087635,13.230042586294989,4.531866489656985,0.11525,0.02945,0.0069,1.7–8.2,0.0–13.2,0.3850490883590463,medium,2,1,0,0,0.0539971949509116,0.0,33.76470588235294,28.294117647058822,walk_forward_conformal
00-0040556,Corey Kiner,RB,NE,0.0989454095108368,1.2266526007446483,3.0972554511912787,7.86626860541614,12.027121184418483,4.526947451242878,0.08455,0.01665,0.00325,1.2–7.9,0.1–12.0,0.6022692246687428,medium,4,0,1,0,0.0267857142857142,0.1582576843446408,29.529411764705884,29.058823529411764,walk_forward_conformal
00-0041397,Kaden Wetjen,WR,PIT,0.0,1.5111453121600775,3.230582354482988,8.131491326300429,13.440563959335847,4.505602677149367,0.11865,0.0373,0.0113,1.5–8.1,0.0–13.4,0.716,high,0,0,0,1,0.1307831132003624,0.0066580260288817,32.35294117647059,23.941176470588236,walk_forward_conformal
00-0038976,Marvin Mims Jr.,WR,DEN,0.0,1.6708455396766486,3.349099437729918,7.947775472244659,12.989633320782945,4.49707629403924,0.1087,0.02995,0.00785,1.7–7.9,0.0–13.0,0.1060300897674465,low,48,1,0,0,0.0930320593853827,0.0293065562753683,36.05882352941177,26.823529411764707,walk_forward_conformal
00-0041044,Zachariah Branch,WR,ATL,0.0,1.4981327234302118,3.1491110342453124,8.103221417042922,13.54633981867947,4.49637209995208,0.12085,0.0386,0.011,1.5–8.1,0.0–13.5,0.716,high,0,0,0,1,0.1307831132003624,0.0066580260288817,32.05882352941177,28.058823529411764,walk_forward_conformal
00-0039738,Blake Corum,RB,LA,0.1329058808365193,1.1614726142530434,2.964576950399259,7.763185693859615,11.99329429535307,4.476018395311529,0.08425,0.01725,0.003,1.2–7.8,0.1–12.0,0.0940997256315308,low,32,1,0,0,0.0205996598621921,0.2472792496503671,35.1764705882353,27.352941176470587,walk_forward_conformal
00-0033526,Samaje Perine,RB,CIN,0.0,1.1628112013566092,3.2080466177290696,7.9875207136979505,11.665203716098103,4.458988262146196,0.0781,0.01515,0.00295,1.2–8.0,0.0–11.7,0.1044940571665011,low,80,1,0,0,0.0648517275189239,0.1588529031169877,37.64705882352941,22.41176470588235,walk_forward_conformal
00-0040669,Isaac TeSlaa,WR,DET,0.0,0.0,2.4803487736262224,8.60962008717599,14.055821668770864,4.456352385691434,0.134,0.0471,0.0159,0.0–8.6,0.0–14.1,0.2786470175357374,low,14,1,0,0,0.0572126799941732,0.0,34.23529411764706,26.0,walk_forward_conformal
00-0041042,Malachi Fields,WR,NYG,0.0,1.3963994832625644,2.9696602410011415,7.962859581719849,13.345535533728546,4.3837446467391095,0.1158,0.03575,0.0113,1.4–8.0,0.0–13.3,0.716,high,0,0,0,1,0.1307831132003624,0.0066580260288817,30.941176470588236,30.058823529411764,walk_forward_conformal
00-0040162,Dylan Sampson,RB,CLE,0.0,1.1407411463654515,3.0235769918936155,7.683865797157219,11.654051893913753,4.376226871556638,0.0776,0.01455,0.0025,1.1–7.7,0.0–11.7,0.2813317525320153,low,15,1,0,0,0.0867500959674831,0.1803383107291609,32.8235294117647,24.764705882352946,walk_forward_conformal
00-0037304,Connor Heyward,RB,LV,0.0,1.010510812210187,2.8813914502297218,7.787845401964443,11.930700564785989,4.374513638625602,0.08245,0.0184,0.0028,1.0–7.8,0.0–11.9,0.716,high,0,0,0,1,0.0638616387536835,0.2854515436224629,30.294117647058822,21.705882352941178,walk_forward_conformal
00-0034613,Tanner Hudson,TE,CIN,0.0,1.6148005958114828,3.287293588340412,6.382466539354222,9.401405474086168,4.371900230230162,0.1044,0.0287,0.00725,1.6–6.4,0.0–9.4,0.1057142852134728,low,37,1,0,0,0.079124443831923,0.0017843547773125,37.64705882352941,22.41176470588235,walk_forward_conformal
00-0041116,Jack Endries,TE,CIN,0.0,1.3113554840484154,2.8511253031915933,6.295966662175402,10.040055399773046,4.3326963693411145,0.11785,0.0414,0.0146,1.3–6.3,0.0–10.0,0.716,high,0,0,0,1,0.0980519652103919,0.0029393943321044,37.64705882352941,22.41176470588235,walk_forward_conformal
00-0033858,Jonnu Smith,TE,GB,0.0,1.6225715944811303,3.3265778715282464,6.287356071676295,9.014929791012028,4.3239751372793656,0.09425,0.0208,0.00375,1.6–6.3,0.0–9.0,0.3357008449100865,medium,79,0,1,0,0.1330214572857732,0.0111053772405652,28.764705882352946,28.941176470588236,walk_forward_conformal
00-0038551,Kendre Miller,RB,NO,0.1183992891505854,1.2041208652935065,2.9939314850609264,7.470759888188886,11.34539753508665,4.30094273363569,0.06735,0.0116,0.00175,1.2–7.5,0.1–11.3,0.2166057876484479,low,20,1,0,0,0.03254514357669,0.255073052567538,34.76470588235294,25.58823529411765,walk_forward_conformal
00-0037291,Jalen Nailor,WR,LV,0.0,0.0,2.5557671675464277,7.896650834699466,13.550293556015184,4.2895895104959205,0.1222,0.03965,0.0117,0.0–7.9,0.0–13.6,0.3304500261822894,medium,43,0,1,0,0.1037955422518306,0.004589755109971,30.294117647058822,21.705882352941178,walk_forward_conformal
00-0040878,Mike Washington Jr.,RB,LV,0.0,0.9841797811364738,2.821851284825456,7.6662645305763775,11.705778758885783,4.28725551289322,0.0782,0.01585,0.0022,1.0–7.7,0.0–11.7,0.716,high,0,0,0,1,0.0638616387536835,0.2854515436224629,30.294117647058822,21.705882352941178,walk_forward_conformal
00-0040894,Malik Benson,WR,LV,0.0,1.3646456966274023,2.8853132206012835,7.797317202223256,12.973918632591266,4.273446963847859,0.1071,0.0324,0.00985,1.4–7.8,0.0–13.0,0.716,high,0,0,0,1,0.1307831132003624,0.0066580260288817,30.294117647058822,21.705882352941178,walk_forward_conformal
00-0040727,Tre Harris,WR,LAC,0.0,1.6067915687475456,3.197072234593416,7.671431338223094,12.580621013511008,4.256537645041873,0.0969,0.0248,0.0057,1.6–7.7,0.0–12.6,0.2687095895430318,low,16,1,0,0,0.090823508650354,0.0044856459330143,33.470588235294116,27.41176470588235,walk_forward_conformal
00-0039880,Malik Washington,WR,MIA,0.1145693427063538,1.6459950984659182,3.265429143748696,7.63172267243282,12.271998766533205,4.227982911297285,0.0879,0.0193,0.00365,1.6–7.6,0.1–12.3,0.1236428276012139,low,31,1,0,0,0.123120572045287,0.0363264897761341,28.176470588235293,25.41176470588235,walk_forward_conformal
00-0039344,Jonathon Brooks,RB,CAR,0.0153110595126821,1.0404834577485915,2.7701324746034004,7.3724708006874256,11.565367840397249,4.216540716843872,0.071,0.01315,0.00215,1.0–7.4,0.0–11.6,0.3865566465838801,medium,3,1,0,0,0.0243902439024389,0.1367880485527544,30.294117647058822,27.11764705882353,walk_forward_conformal
00-0041133,Dallen Bentley,TE,DEN,0.0,0.034473759145024,2.744385963259876,6.1837153077667955,9.699018006504977,4.185460913865791,0.11125,0.0345,0.01195,0.0–6.2,0.0–9.7,0.716,high,0,0,0,1,0.0980519652103919,0.0029393943321044,36.05882352941177,26.823529411764707,walk_forward_conformal
00-0039814,Erick All,TE,CIN,0.0,1.536467457906932,3.128176287192135,6.1837153077667955,8.902394365442564,4.1768148185980944,0.09115,0.0241,0.00595,1.5–6.2,0.0–8.9,0.3375589950984397,medium,8,1,0,0,0.0861545825273278,0.0,37.64705882352941,22.41176470588235,walk_forward_conformal
00-0040237,Tez Johnson,WR,TB,0.0,1.4707570922118725,2.9037902679231906,7.599111441672012,12.784237249050706,4.174132322137115,0.1024,0.0292,0.00655,1.5–7.6,0.0–12.8,0.2802835481410067,low,15,1,0,0,0.0916264337985987,0.0138773104290345,32.8235294117647,27.764705882352946,walk_forward_conformal
00-0041443,Skyler Bell,WR,BUF,0.0,0.3548311751798458,2.721173420489318,7.599111441672012,12.906116252128852,4.152832027809873,0.10495,0.031,0.00915,0.4–7.6,0.0–12.9,0.716,high,0,0,0,1,0.1307831132003624,0.0066580260288817,29.11764705882353,32.1764705882353,walk_forward_conformal
00-0038558,Darnell Washington,TE,PIT,0.0,1.5828398125128131,3.1219523787846586,6.1467684235857485,8.86700356360599,4.140397973626583,0.08955,0.0222,0.00545,1.6–6.1,0.0–8.9,0.1047091082989118,low,34,1,0,0,0.0903152982369758,0.0,32.35294117647059,23.941176470588236,walk_forward_conformal
00-0040867,Makai Lemon,WR,PHI,0.0,0.1708747731946274,2.6688070649115088,7.599111441672012,12.780381789702345,4.128129615589933,0.10225,0.03205,0.00895,0.2–7.6,0.0–12.8,0.716,high,0,0,0,1,0.1307831132003624,0.0066580260288817,29.235294117647054,28.11764705882353,walk_forward_conformal
00-0040646,Jalen Royals,WR,KC,0.0,1.4898367999905004,3.015049119151213,7.599111441672012,12.541151890678474,4.125299517109599,0.0947,0.0241,0.0064,1.5–7.6,0.0–12.5,0.404,medium,2,1,0,0,0.05,0.0,34.35294117647059,25.294117647058822,walk_forward_conformal
00-0039794,Braelon Allen,RB,NYJ,0.0,1.016148785693622,2.7271025556193385,7.2161872648925085,11.282338554431767,4.109772492793428,0.06585,0.01205,0.0014,1.0–7.2,0.0–11.3,0.2090669090787148,low,21,1,0,0,0.0395170265084512,0.2236907888989377,29.058823529411764,26.823529411764707,walk_forward_conformal
00-0036980,Elijah Moore,WR,PHI,0.0,1.6951146659367722,3.313561765685263,7.418343230978808,11.591996041148526,4.076965703399917,0.07315,0.0151,0.0028,1.7–7.4,0.0–11.6,0.3388925533621085,medium,67,0,1,0,0.1328315682229101,0.0134849223349974,29.235294117647054,28.11764705882353,walk_forward_conformal
00-0037614,John Metchie III,WR,CAR,0.0,1.57326305503456,3.2400126726742884,7.410201785385837,11.88221982405276,4.071152326013238,0.07875,0.0171,0.00365,1.6–7.4,0.0–11.9,0.3341020496086754,medium,37,0,1,0,0.115653018646055,0.0045808843125814,30.294117647058822,27.11764705882353,walk_forward_conformal
00-0031235,Odell Beckham Jr.,WR,NYG,0.0,1.5446203835026464,2.9652368933380018,7.485465431535253,12.26525618798184,4.069938598559512,0.0892,0.0208,0.00415,1.5–7.5,0.0–12.3,0.3378886413397896,medium,36,0,1,0,0.124569052261439,0.0005574066963124,30.941176470588236,30.058823529411764,walk_forward_conformal
00-0040948,J. Michael Sturdivant,WR,GB,0.0,0.1187285367629681,2.6246261020381256,7.582926495527415,12.77031966894664,4.0618222110378515,0.10215,0.0295,0.00765,0.1–7.6,0.0–12.8,0.716,high,0,0,0,1,0.1307831132003624,0.0066580260288817,28.764705882352946,28.941176470588236,walk_forward_conformal
00-0038454,Keaton Mitchell,RB,LAC,0.0,0.8414035465894122,2.6185186196569212,7.283136097046031,11.406450924506046,4.055934362434295,0.06815,0.01335,0.00245,0.8–7.3,0.0–11.4,0.3985434062488091,medium,24,0,1,0,0.0406629244768559,0.1448280986918624,33.470588235294116,27.41176470588235,walk_forward_conformal
00-0041510,Max Klare,TE,LA,0.0,0.010017480607889,2.560150043264719,6.135656915572076,9.390530749122515,4.05193778839079,0.10355,0.0333,0.00955,0.0–6.1,0.0–9.4,0.716,high,0,0,0,1,0.0980519652103919,0.0029393943321044,35.1764705882353,27.352941176470587,walk_forward_conformal
00-0041511,Omar Cooper Jr.,WR,NYJ,0.0,0.1341309695730031,2.6242786872199275,7.590471373459254,12.613768621852342,4.047487305379123,0.09715,0.0289,0.0085,0.1–7.6,0.0–12.6,0.716,high,0,0,0,1,0.1307831132003624,0.0066580260288817,29.058823529411764,26.823529411764707,walk_forward_conformal
00-0038797,Emanuel Wilson,RB,SEA,0.036750618753726,1.033366392532364,2.7295346705942425,7.098000377076682,11.025633765632556,4.042378974432679,0.06045,0.0093,0.00095,1.0–7.1,0.0–11.0,0.3171936146490641,low,39,0,1,0,0.033945168347357,0.2150975090327009,28.294117647058822,29.823529411764707,walk_forward_conformal
00-0039518,Treyton Welch,TE,NO,0.0,0.0021432132649755,2.505420191325351,6.124392249336524,9.421702901548692,4.0351206506055215,0.10425,0.033,0.0097,0.0–6.1,0.0–9.4,0.716,high,0,0,0,1,0.0980519652103919,0.0029393943321044,34.76470588235294,25.58823529411765,walk_forward_conformal
00-0040621,Montorie Foster Jr,WR,SEA,0.0,0.0997533172555978,2.6064850192416196,7.575703038111435,12.705106378854495,4.021862269046426,0.10035,0.02865,0.0067,0.1–7.6,0.0–12.7,0.716,high,0,0,0,1,0.1307831132003624,0.0066580260288817,28.294117647058822,29.823529411764707,walk_forward_conformal
00-0041041,Oscar Delp,TE,NO,0.0,0.0092973338726394,2.440574382888845,6.022367054169684,9.298776991588424,4.021329181905245,0.1019,0.03215,0.0104,0.0–6.0,0.0–9.3,0.716,high,0,0,0,1,0.0980519652103919,0.0029393943321044,34.76470588235294,25.58823529411765,walk_forward_conformal
00-0041529,Kevin Coleman Jr.,WR,MIA,0.0,0.1211371065465194,2.5822955219011736,7.463723595299109,12.5987286825437,4.007658487986759,0.0979,0.02855,0.00755,0.1–7.5,0.0–12.6,0.716,high,0,0,0,1,0.1307831132003624,0.0066580260288817,28.176470588235293,25.41176470588235,walk_forward_conformal
00-0041523,Caleb Douglas,WR,MIA,0.0,0.0871101721126643,2.580020850616307,7.495700972890724,12.52258256802718,4.003673736717075,0.0955,0.02775,0.0084,0.1–7.5,0.0–12.5,0.716,high,0,0,0,1,0.1307831132003624,0.0066580260288817,28.176470588235293,25.41176470588235,walk_forward_conformal
00-0041342,Dillon Bell,WR,MIN,0.0,0.1048445285890952,2.5637898962267904,7.514210945613909,12.520637134980406,4.002183866513531,0.09495,0.0277,0.0079,0.1–7.5,0.0–12.5,0.716,high,0,0,0,1,0.1307831132003624,0.0066580260288817,28.470588235294116,24.11764705882353,walk_forward_conformal
00-0041525,Chris Bell,WR,MIA,0.0,0.1179716989903758,2.539139410461607,7.433397031095579,12.389257103324352,3.954753635646152,0.09235,0.02715,0.00715,0.1–7.4,0.0–12.4,0.716,high,0,0,0,1,0.1307831132003624,0.0066580260288817,28.176470588235293,25.41176470588235,walk_forward_conformal
00-0040390,Jackson Meeks,TE,DET,0.0,0.0096855721212647,2.4404138609433765,5.9495355021723855,9.14501049019746,3.954292918046418,0.0982,0.0295,0.0089,0.0–5.9,0.0–9.1,0.716,high,0,0,0,1,0.0980519652103919,0.0029393943321044,34.23529411764706,26.0,walk_forward_conformal
00-0040302,A.J. Henning,WR,MIA,0.0,0.0864079067460194,2.5105618854824656,7.385745083826825,12.46851278292347,3.949179077456336,0.09385,0.0257,0.00715,0.1–7.4,0.0–12.5,0.716,high,0,0,0,1,0.1307831132003624,0.0066580260288817,28.176470588235293,25.41176470588235,walk_forward_conformal
00-0040081,Jake Briningstool,TE,KC,0.0,0.0,2.3459856829018477,5.864190975462125,9.01185651497208,3.915631526798417,0.09545,0.0314,0.00895,0.0–5.9,0.0–9.0,0.716,high,0,0,0,1,0.0980519652103919,0.0029393943321044,34.35294117647059,25.294117647058822,walk_forward_conformal
00-0041472,Marlin Klein,TE,HOU,0.0,0.0,2.320390466401322,5.786064286712833,9.055317492007356,3.886022985594168,0.096,0.02995,0.00975,0.0–5.8,0.0–9.1,0.716,high,0,0,0,1,0.0980519652103919,0.0029393943321044,34.23529411764706,27.941176470588236,walk_forward_conformal
00-0041040,Antonio Williams,WR,WAS,0.0,0.070073450460455,2.4735840883953872,7.304707630952622,12.31583037991935,3.8782350744559553,0.091,0.02465,0.00665,0.1–7.3,0.0–12.3,0.716,high,0,0,0,1,0.1307831132003624,0.0066580260288817,27.58823529411765,28.470588235294116,walk_forward_conformal
00-0041558,Sam Roush,TE,CHI,0.0,0.0,2.2698813481970808,5.805078475400596,8.993006708654567,3.8648032551628018,0.09435,0.0285,0.00845,0.0–5.8,0.0–9.0,0.716,high,0,0,0,1,0.0980519652103919,0.0029393943321044,33.76470588235294,29.705882352941178,walk_forward_conformal
00-0040648,Tory Horton,WR,SEA,0.0,0.03982998368402,2.3258009776664994,7.371369687687245,12.40572640033783,3.836700607121214,0.09215,0.0257,0.00635,0.0–7.4,0.0–12.4,0.3490458620121561,medium,8,1,0,0,0.1057619168356997,0.0,28.294117647058822,29.823529411764707,walk_forward_conformal
00-0039739,Roman Wilson,WR,PIT,0.0,1.2626004503099837,2.525987345178857,7.195622511166109,12.063573011678471,3.8323788652788258,0.0833,0.0203,0.00435,1.3–7.2,0.0–12.1,0.3269827499100939,low,9,1,0,0,0.0768149909765593,0.0,32.35294117647059,23.941176470588236,walk_forward_conformal
00-0038555,Tank Bigsby,RB,PHI,0.0,0.7597049370346337,2.295480694072523,6.73174581916034,11.18417510545077,3.82867631076532,0.05875,0.01205,0.0021,0.8–6.7,0.0–11.2,0.0911495005271302,low,44,1,0,0,0.0156958865633127,0.2263292656026233,29.235294117647054,28.11764705882353,walk_forward_conformal
00-0041503,Nate Boerkircher,TE,JAX,0.0,0.0,2.266310963850948,5.674051549537343,8.96310787876727,3.821404386697512,0.0927,0.0287,0.0084,0.0–5.7,0.0–9.0,0.716,high,0,0,0,1,0.0980519652103919,0.0029393943321044,33.11764705882353,28.764705882352946,walk_forward_conformal
00-0041170,Hayden Large,TE,CHI,0.0,0.0,2.280929828096501,5.72758857067881,8.840946543467698,3.814341967650644,0.09095,0.02795,0.00835,0.0–5.7,0.0–8.8,0.716,high,0,0,0,1,0.0980519652103919,0.0029393943321044,33.76470588235294,29.705882352941178,walk_forward_conformal
00-0040194,Jackson Hawes,TE,BUF,0.0,0.0,2.170011841048045,5.603289256837592,9.184650753742757,3.782131813968632,0.09865,0.032,0.0099,0.0–5.6,0.0–9.2,0.2847754308991921,low,13,1,0,0,0.0565179132152376,0.0,29.11764705882353,32.1764705882353,walk_forward_conformal
00-0040667,Matthew Golden,WR,GB,0.0,1.4926857547250367,2.748869302470579,7.01773038728961,11.332709912267546,3.776946327474439,0.06845,0.01535,0.00325,1.5–7.0,0.0–11.3,0.2911851391759675,low,14,1,0,0,0.1238928054921843,0.0212909210605063,28.764705882352946,28.941176470588236,walk_forward_conformal
00-0037563,Malik Davis,RB,DAL,0.0,0.6549672403635166,2.16701733803239,6.6718438696504085,11.21994463932992,3.768490507173933,0.0607,0.0132,0.0022,0.7–6.7,0.0–11.2,0.2467932706346388,low,17,1,0,0,0.0163024889542792,0.1643225458321637,36.705882352941174,27.352941176470587,walk_forward_conformal
00-0041084,Tanner Koziol,TE,JAX,0.0,0.0,2.2228424599210364,5.624911110129476,8.870059598271599,3.76635148905158,0.0912,0.02735,0.00735,0.0–5.6,0.0–8.9,0.716,high,0,0,0,1,0.0980519652103919,0.0029393943321044,33.11764705882353,28.764705882352946,walk_forward_conformal
00-0041131,Carsen Ryan,TE,CLE,0.0,0.0,2.15116672354561,5.607582832722886,8.897188779892467,3.764429541355387,0.09275,0.02815,0.00825,0.0–5.6,0.0–8.9,0.716,high,0,0,0,1,0.0980519652103919,0.0029393943321044,32.8235294117647,24.764705882352946,walk_forward_conformal
00-0041094,Bauer Sharp,TE,TB,0.0,0.0,2.2241256618814735,5.578295644893732,8.83522594091427,3.7502392102398816,0.0904,0.02575,0.0072,0.0–5.6,0.0–8.8,0.716,high,0,0,0,1,0.0980519652103919,0.0029393943321044,32.8235294117647,27.764705882352946,walk_forward_conformal
00-0040179,DJ Giddens,RB,IND,0.0,0.8147367585277231,2.404592590267044,6.600015653891439,10.845267593526692,3.7466745697181834,0.0537,0.0088,0.00105,0.8–6.6,0.0–10.8,0.357361636094294,medium,5,1,0,0,0.0125122189638318,0.1642857142857142,32.1764705882353,26.0,walk_forward_conformal
00-0041398,Riley Nowakowski,TE,PIT,0.0,0.0,2.1682955819872287,5.543574508126398,8.778860518867814,3.7198426529042306,0.0885,0.0272,0.00715,0.0–5.5,0.0–8.8,0.716,high,0,0,0,1,0.0980519652103919,0.0029393943321044,32.35294117647059,23.941176470588236,walk_forward_conformal
00-0035537,Ty Johnson,RB,BUF,0.0,0.1681097200779041,1.9609627540495265,7.050528826006593,11.533888855005667,3.710761913285379,0.0718,0.0176,0.00425,0.2–7.1,0.0–11.5,0.1052910294429833,low,70,1,0,0,0.0600113921507962,0.0933571644188296,29.11764705882353,32.1764705882353,walk_forward_conformal
00-0035406,Lil'Jordan Humphrey,WR,DEN,0.0,1.3128851165811364,2.420003066854199,6.904157855878351,11.83473569169799,3.695233009115311,0.07745,0.0179,0.0032,1.3–6.9,0.0–11.8,0.1127177355490703,low,44,1,0,0,0.0931586865860597,0.0,36.05882352941177,26.823529411764707,walk_forward_conformal
00-0038104,Tyquan Thornton,WR,KC,0.0,0.0,2.5263409626709774,7.113950559017935,11.806504034493768,3.656420037898927,0.0814,0.02115,0.00535,0.0–7.1,0.0–11.8,0.1085775472746056,low,37,1,0,0,0.0921085637342458,0.0030817807411462,34.35294117647059,25.294117647058822,walk_forward_conformal
00-0040277,Jahdae Walker,WR,CHI,0.0,0.0,2.2332166041819703,6.878915456043579,11.944052211551863,3.6227491994292182,0.08025,0.0212,0.00545,0.0–6.9,0.0–11.9,0.3647572565332674,medium,6,1,0,0,0.0515767757147067,0.0,33.76470588235294,29.705882352941178,walk_forward_conformal
00-0037005,Tommy Tremble,TE,CAR,0.0,1.1856385332912605,2.236371475437037,5.1694610090437765,8.083621094532829,3.5487738159809887,0.0723,0.01765,0.0041,1.2–5.2,0.0–8.1,0.1051464109207071,low,70,1,0,0,0.087417663770754,0.0004605708814774,30.294117647058822,27.11764705882353,walk_forward_conformal
00-0040024,Darius Cooper,WR,PHI,0.0,0.1500645139399876,2.3535141788141276,6.626396982632384,11.217895901176442,3.5449695665231906,0.06605,0.0154,0.0034,0.2–6.6,0.0–11.2,0.3640393232171044,medium,6,1,0,0,0.0642493041873846,0.0,29.235294117647054,28.11764705882353,walk_forward_conformal
00-0034981,Foster Moreau,TE,HOU,0.0,0.0,2.17842859277226,5.2568298503790185,8.378266171295406,3.5301009160891117,0.08065,0.02035,0.00505,0.0–5.3,0.0–8.4,0.327536480224033,low,65,0,1,0,0.0749502563835308,0.0,34.23529411764706,27.941176470588236,walk_forward_conformal
00-0036637,Noah Gray,TE,KC,0.0,1.273484615808294,2.327455144971478,5.165942617472626,7.504027280912093,3.4970287624923864,0.06215,0.01345,0.0028,1.3–5.2,0.0–7.5,0.1008258988294128,low,70,1,0,0,0.0795762134895714,0.0021720201335513,34.35294117647059,25.294117647058822,walk_forward_conformal
00-0039356,Ja'Tavion Sanders,TE,CAR,0.0,1.349274756824483,2.541216423667528,5.025413075944409,7.750972044917833,3.4830744171282277,0.0637,0.0134,0.00185,1.3–5.0,0.0–7.8,0.166588809350831,low,27,1,0,0,0.0964829710974776,0.0,30.294117647058822,27.11764705882353,walk_forward_conformal
00-0040876,Elijah Sarratt,WR,BAL,0.0,0.0,2.2189518502543075,6.613357633968274,11.442976101212125,3.481107135561809,0.07365,0.0191,0.0048,0.0–6.6,0.0–11.4,0.716,high,0,0,0,1,0.1307831132003624,0.0066580260288817,24.823529411764707,29.823529411764707,walk_forward_conformal
00-0040782,Isaiah Bond,WR,CLE,0.0,0.118931146402902,2.428988596828612,6.676853142108888,11.04015637880007,3.4788969025463885,0.06255,0.01385,0.00295,0.1–6.7,0.0–11.0,0.2768070546701824,low,15,1,0,0,0.0927408085221625,0.0127758227435646,32.8235294117647,24.764705882352946,walk_forward_conformal
00-0040870,Ja'Kobi Lane,WR,BAL,0.0,0.0,2.196786850378589,6.6342123309209615,11.451000883637786,3.477549751220464,0.07525,0.01715,0.005,0.0–6.6,0.0–11.5,0.716,high,0,0,0,1,0.1307831132003624,0.0066580260288817,24.823529411764707,29.823529411764707,walk_forward_conformal
00-0036463,Chris Blair,WR,ATL,0.0,0.0518366710072532,2.2296826341504077,6.4802422306973035,11.16527666014735,3.4251539739430705,0.0652,0.01415,0.00255,0.1–6.5,0.0–11.2,0.3778276322776446,medium,3,1,0,0,0.0182817182817182,0.0,32.05882352941177,28.058823529411764,walk_forward_conformal
00-0037801,KaVontae Turpin,WR,DAL,0.0,0.3696927758984409,2.2591956709395222,6.345499501940484,11.625161470851149,3.414744779075971,0.07655,0.02025,0.006,0.4–6.3,0.0–11.6,0.1025668808465225,low,65,1,0,0,0.0597272566960177,0.0353515279707058,36.705882352941174,27.352941176470587,walk_forward_conformal
00-0040590,Konata Mumpfield,WR,LA,0.0,0.0,2.043503730417829,6.440742212365272,11.370850568914792,3.4107444277622716,0.0667,0.01745,0.0043,0.0–6.4,0.0–11.4,0.3241617269775304,low,10,1,0,0,0.0616029602622032,0.0,35.1764705882353,27.352941176470587,walk_forward_conformal
00-0036754,Brock Wright,TE,DET,0.0,0.0,1.7395811600806272,4.894754357380518,8.567002972007424,3.409879008933455,0.083,0.0271,0.0073,0.0–4.9,0.0–8.6,0.1036561487365197,low,50,1,0,0,0.0684641848974685,0.0,34.23529411764706,26.0,walk_forward_conformal
00-0033375,Tim Patrick,WR,NYJ,0.0,0.0,2.0733464620480166,6.42754325672988,11.681574649979698,3.397976053141555,0.0746,0.0201,0.0048,0.0–6.4,0.0–11.7,0.3379120804928255,medium,44,0,1,0,0.082233507759946,0.0,29.058823529411764,26.823529411764707,walk_forward_conformal
00-0041395,Eli Raridon,TE,NE,0.0,0.0,1.974028334551605,4.958281926202546,8.091937972263665,3.3789142673617083,0.07385,0.02,0.0051,0.0–5.0,0.0–8.1,0.716,high,0,0,0,1,0.0980519652103919,0.0029393943321044,29.529411764705884,29.058823529411764,walk_forward_conformal
00-0041032,Kenyon Sadiq,TE,NYJ,0.0,0.0,1.9668967840546028,4.933229454816103,7.978444004300919,3.3508642204651347,0.0715,0.02025,0.00495,0.0–4.9,0.0–8.0,0.716,high,0,0,0,1,0.0980519652103919,0.0029393943321044,29.058823529411764,26.823529411764707,walk_forward_conformal
00-0039066,Michael Mayer,TE,LV,0.0,1.4134413796316254,2.511825414572799,4.973580268936806,6.874535477568968,3.3458385644667077,0.0446,0.00785,0.00125,1.4–5.0,0.0–6.9,0.1184884004460871,low,37,1,0,0,0.1148931272330344,0.0,30.294117647058822,21.705882352941178,walk_forward_conformal
00-0041314,Tanner Arkin,TE,NE,0.0,0.0,1.9615005511921884,4.922744009376634,7.992984264022055,3.3432438552597685,0.07165,0.0194,0.00505,0.0–4.9,0.0–8.0,0.716,high,0,0,0,1,0.0980519652103919,0.0029393943321044,29.529411764705884,29.058823529411764,walk_forward_conformal
00-0041483,Eli Stowers,TE,PHI,0.0,0.0,1.960898872203661,4.853522580065472,8.005883100806741,3.3285287541630124,0.073,0.02105,0.00495,0.0–4.9,0.0–8.0,0.716,high,0,0,0,1,0.0980519652103919,0.0029393943321044,29.235294117647054,28.11764705882353,walk_forward_conformal
00-0040737,Terrance Ferguson,TE,LA,0.0,0.0,2.0870173357678996,4.996233171636765,7.874688104251677,3.3278563293877816,0.07205,0.0196,0.0049,0.0–5.0,0.0–7.9,0.3080663161162616,low,11,1,0,0,0.0645354000366989,0.0039525691699604,35.1764705882353,27.352941176470587,walk_forward_conformal
00-0040215,Gavin Bartholomew,TE,MIN,0.0,0.0,1.9379494938292656,4.857056481577156,7.998160152968295,3.3112863478368206,0.0725,0.01945,0.0055,0.0–4.9,0.0–8.0,0.716,high,0,0,0,1,0.0980519652103919,0.0029393943321044,28.470588235294116,24.11764705882353,walk_forward_conformal
00-0040218,Jimmy Horn Jr.,WR,CAR,0.0,0.3792579793472386,2.2655221441675115,6.269445094194518,10.635133082957084,3.285169250866946,0.05285,0.0094,0.00125,0.4–6.3,0.0–10.6,0.3168015816955177,low,10,1,0,0,0.0635215219754231,0.0268325168983063,30.294117647058822,27.11764705882353,walk_forward_conformal
00-0040598,Mark Redman,TE,GB,0.0,0.0,1.9224447880738864,4.845456188954407,7.841264157628447,3.2729336068359007,0.06775,0.0198,0.00485,0.0–4.8,0.0–7.8,0.716,high,0,0,0,1,0.0980519652103919,0.0029393943321044,28.764705882352946,28.941176470588236,walk_forward_conformal
00-0039355,Luke McCaffrey,WR,WAS,0.0,0.0,2.1050162954254605,6.311545347345829,11.414342232045035,3.269377205021965,0.07405,0.01845,0.00445,0.0–6.3,0.0–11.4,0.2022701696081844,low,22,1,0,0,0.0657863901011124,0.0,27.58823529411765,28.470588235294116,walk_forward_conformal
00-0037742,Treylon Burks,WR,WAS,0.0,0.096978839098109,2.1933835248415128,6.254200877019029,10.630043689737525,3.251722207562053,0.05475,0.00995,0.002,0.1–6.3,0.0–10.6,0.1148792018976328,low,33,1,0,0,0.1194533587051899,0.0087040326490434,27.58823529411765,28.470588235294116,walk_forward_conformal
00-0041579,Seydou Traore,TE,MIA,0.0,0.0,1.9109980607665853,4.73966819499515,7.785694583291678,3.248399705456712,0.06915,0.01855,0.0053,0.0–4.7,0.0–7.8,0.716,high,0,0,0,1,0.0980519652103919,0.0029393943321044,28.176470588235293,25.41176470588235,walk_forward_conformal
00-0039874,Jaylen Wright,RB,MIA,0.0,0.6536448123404516,2.0911269982707275,5.937678393108981,9.545528810614304,3.2365783816131017,0.02895,0.00395,0.0002,0.7–5.9,0.0–9.5,0.1977049689777218,low,22,1,0,0,0.0280576699193283,0.2156990552368154,28.176470588235293,25.41176470588235,walk_forward_conformal
00-0039824,Jared Wiley,TE,KC,0.0,0.0,1.9660669733254337,4.6736661333547875,7.306433773485268,3.224769412067628,0.05805,0.0135,0.0028,0.0–4.7,0.0–7.3,0.3787875577962642,medium,3,1,0,0,0.0220526755852842,0.0,34.35294117647059,25.294117647058822,walk_forward_conformal
00-0035249,Josh Oliver,TE,MIN,0.0,0.0,1.811501592015617,4.575124644852467,8.299798948484199,3.2148278605367713,0.078,0.0239,0.0063,0.0–4.6,0.0–8.3,0.1011807432891846,low,60,1,0,0,0.0672376341195931,0.0,28.470588235294116,24.11764705882353,walk_forward_conformal
00-0039890,Adonai Mitchell,WR,NYJ,0.0,0.0088951911038744,2.325936053464567,6.280274298301803,10.27171797334795,3.2127601770914596,0.0429,0.00765,0.00095,0.0–6.3,0.0–10.3,0.1213314074474544,low,33,1,0,0,0.1373573128317969,0.0044233914940021,29.058823529411764,26.823529411764707,walk_forward_conformal
00-0041524,Will Kacmarek,TE,MIA,0.0,0.0,1.9114404683681383,4.710778171687596,7.551504130108984,3.2088377606335614,0.06575,0.0179,0.00485,0.0–4.7,0.0–7.6,0.716,high,0,0,0,1,0.0980519652103919,0.0029393943321044,28.176470588235293,25.41176470588235,walk_forward_conformal
00-0037741,Jahan Dotson,WR,ATL,0.0,0.0,2.1402455303419003,6.136460092045297,10.54038188633204,3.133125916144978,0.05135,0.0109,0.0017,0.0–6.1,0.0–10.5,0.3348436346946765,medium,58,0,1,0,0.0995379909463462,0.0009274088309962,32.05882352941177,28.058823529411764,walk_forward_conformal
00-0032464,Kalif Raymond,WR,CHI,0.0,0.0,2.106334749075135,6.07670117513873,10.389746480967238,3.095865310050088,0.0495,0.0107,0.00195,0.0–6.1,0.0–10.4,0.3355284770482976,medium,77,0,1,0,0.0757297042612188,0.0075649818151012,33.76470588235294,29.705882352941178,walk_forward_conformal
00-0040225,Thomas Fidone II,TE,NYG,0.0,0.0,1.8612100758544412,4.461518473820044,7.21473332758436,3.0669372513080764,0.05855,0.0123,0.00305,0.0–4.5,0.0–7.2,0.51,medium,1,1,0,0,0.0,0.0,30.941176470588236,30.058823529411764,walk_forward_conformal
00-0040131,Kyle Williams,WR,NE,0.0,0.0,1.9223746181992376,5.9359981638133625,11.01207333566972,2.9901170960422947,0.0627,0.0156,0.004,0.0–5.9,0.0–11.0,0.2842747573090344,low,14,1,0,0,0.0504038449235493,0.0045638945233265,29.529411764705884,29.058823529411764,walk_forward_conformal
00-0040729,Jack Bech,WR,LV,0.0,0.0,2.030832619508067,5.883699922018064,10.1361827080383,2.96183945112019,0.04225,0.0071,0.00105,0.0–5.9,0.0–10.1,0.2897789920123775,low,14,1,0,0,0.0797808118213671,0.0,30.294117647058822,21.705882352941178,walk_forward_conformal
00-0038640,Jalen Brooks,WR,ARI,0.0,0.0,1.982598248386091,5.840821732185656,10.643350375725763,2.9477816615037455,0.05395,0.01215,0.0028,0.0–5.8,0.0–10.6,0.2199740349499442,low,20,1,0,0,0.0507702216725719,0.0,38.1764705882353,21.529411764705884,walk_forward_conformal
00-0038618,Xavier Hutchinson,WR,HOU,0.0,0.0,2.0000025366087644,5.785668068758039,10.14558352820482,2.94357640756899,0.043,0.00835,0.0015,0.0–5.8,0.0–10.1,0.1085908042041013,low,42,1,0,0,0.0874623345356818,0.0059592915229256,34.23529411764706,27.941176470588236,walk_forward_conformal
00-0039021,Roschon Johnson,RB,CHI,0.0,0.0334187124104065,1.4061949319438376,5.408941955914987,10.237592443752485,2.93919323803451,0.0352,0.0079,0.0016,0.0–5.4,0.0–10.2,0.1124383874810298,low,34,1,0,0,0.044226852993431,0.1141550721873804,33.76470588235294,29.705882352941178,walk_forward_conformal
00-0040138,Jaylin Noel,WR,HOU,0.0,0.0286293579533479,1.9086259568460624,5.7634943036245705,10.268700479508588,2.927190998490163,0.0442,0.00845,0.0015,0.0–5.8,0.0–10.3,0.2556085429367079,low,17,1,0,0,0.0603900680571931,0.0114541242513114,34.23529411764706,27.941176470588236,walk_forward_conformal
00-0039792,Devontez Walker,WR,BAL,0.0,0.0,1.828005454026511,5.759047518972938,11.00003748673285,2.923806163326745,0.06505,0.01675,0.004,0.0–5.8,0.0–11.0,0.3109987535862741,low,11,1,0,0,0.0450465900645972,0.0,24.823529411764707,29.823529411764707,walk_forward_conformal
00-0040187,Mitchell Evans,TE,CAR,0.0,0.0,1.7982508523789076,4.198713484467761,7.045491284333033,2.920978701275407,0.05255,0.01325,0.00255,0.0–4.2,0.0–7.0,0.2796092401646972,low,14,1,0,0,0.0644009763009812,0.0027472527472527,30.294117647058822,27.11764705882353,walk_forward_conformal
00-0037666,Jalen Tolbert,WR,MIA,0.0,0.0,1.8571390523682083,5.7416868472414,10.63246490075664,2.9126128908865003,0.05515,0.01335,0.0029,0.0–5.7,0.0–10.6,0.3277031854111445,low,46,0,1,0,0.092104197579303,0.0,28.176470588235293,25.41176470588235,walk_forward_conformal
00-0040363,Keleki Latu,TE,BUF,0.0,0.0,1.8372475161112831,4.235046571319839,6.834442945366264,2.9063776551934186,0.04745,0.0106,0.00155,0.0–4.2,0.0–6.8,0.3914892263255931,medium,3,1,0,0,0.0468253968253968,0.0,29.11764705882353,32.1764705882353,walk_forward_conformal
00-0039041,Elijah Higgins,TE,ARI,0.0,0.0,1.8091270922406668,4.1842623329409205,6.80110496556166,2.895853439177168,0.04775,0.0101,0.00195,0.0–4.2,0.0–6.8,0.1025017336249979,low,43,1,0,0,0.0616020326052504,0.0,38.1764705882353,21.529411764705884,walk_forward_conformal
00-0039074,Davis Allen,TE,LA,0.0,0.0,1.6460551518862612,4.0593785581770705,7.224860184745056,2.885684503473378,0.05595,0.0143,0.0029,0.0–4.1,0.0–7.2,0.1321786852534572,low,29,1,0,0,0.0586283870661784,0.0,35.1764705882353,27.352941176470587,walk_forward_conformal
00-0040581,Dont'e Thornton Jr.,WR,LV,0.0,0.0,1.9679337573796607,5.769254640646018,10.170497525199362,2.8851705485909833,0.0416,0.0073,0.0013,0.0–5.8,0.0–10.2,0.310203101749945,low,11,1,0,0,0.0994778626192629,0.0,30.294117647058822,21.705882352941178,walk_forward_conformal
00-0038498,E.J. Jenkins,TE,PHI,0.0,0.0,1.699697303852146,4.0385433694221415,7.120450206473278,2.870419289200192,0.05525,0.0136,0.0035,0.0–4.0,0.0–7.1,0.3809135722047941,medium,3,1,0,0,0.0218033998521803,0.0,29.235294117647054,28.11764705882353,walk_forward_conformal
00-0040879,Matthew Hibner,TE,BAL,0.0,0.0,1.7604340365505486,4.1675673899616985,7.034991360027182,2.8668163860979248,0.05615,0.01475,0.00245,0.0–4.2,0.0–7.0,0.716,high,0,0,0,1,0.0980519652103919,0.0029393943321044,24.823529411764707,29.823529411764707,walk_forward_conformal
00-0032104,Ameer Abdullah,RB,JAX,0.0,0.0,1.6535514817778272,5.795387235948151,9.176998999169314,2.862721957538378,0.02845,0.00365,0.0002,0.0–5.8,0.0–9.2,0.3278892283875347,low,77,0,1,0,0.0614805517794594,0.0794544518119643,33.11764705882353,28.764705882352946,walk_forward_conformal
00-0040887,Josh Cuevas,TE,BAL,0.0,0.0,1.7626724799653537,4.112335004821414,6.955717181073972,2.813793358811215,0.05335,0.0124,0.0032,0.0–4.1,0.0–7.0,0.716,high,0,0,0,1,0.0980519652103919,0.0029393943321044,24.823529411764707,29.823529411764707,walk_forward_conformal
00-0040078,Brashard Smith,RB,KC,0.0,0.2272323556116003,1.7190611205351698,5.514278147454058,8.844779645320155,2.8121266731768597,0.02285,0.0022,0.00015,0.2–5.5,0.0–8.8,0.2593853872156538,low,17,1,0,0,0.0657833648792572,0.0910387234220475,34.35294117647059,25.294117647058822,walk_forward_conformal
00-0036422,Adam Trautman,TE,DEN,0.0,0.0,1.8132312043716503,4.058419221595626,6.7483502401659585,2.7720460683404204,0.0462,0.01,0.0024,0.0–4.1,0.0–6.7,0.105878246968936,low,65,1,0,0,0.0598039203699673,0.0,36.05882352941177,26.823529411764707,walk_forward_conformal
00-0039359,Cade Stover,TE,HOU,0.0,0.0,1.7962361066050576,4.067973077897034,6.052949503611147,2.75472530359794,0.035,0.00585,0.00135,0.0–4.1,0.0–6.1,0.2172822376185927,low,20,1,0,0,0.0678474933990799,0.0081699346405228,34.23529411764706,27.941176470588236,walk_forward_conformal
00-0037755,Jelani Woods,TE,NYJ,0.0,0.0,1.7787148937264223,4.011734060920194,6.761554680838992,2.74710947021561,0.04475,0.00885,0.0017,0.0–4.0,0.0–6.8,0.2934131375436885,low,14,1,0,0,0.077027667680839,0.0,29.058823529411764,26.823529411764707,walk_forward_conformal
00-0040198,Ollie Gordon II,RB,MIA,0.0,0.0952514388930466,1.351621593894472,5.055024319170737,9.860183558820207,2.7468363424225872,0.02745,0.0056,0.0011,0.1–5.1,0.0–9.9,0.2400049647668304,low,17,1,0,0,0.0181905173674623,0.1618786243157974,28.176470588235293,25.41176470588235,walk_forward_conformal
00-0040739,Elijah Arroyo,TE,SEA,0.0,0.0,1.7823615515160125,4.01275842778224,6.61435597636087,2.7387961291252183,0.0407,0.0086,0.00185,0.0–4.0,0.0–6.6,0.2914607549814818,low,13,1,0,0,0.0786042825093887,0.0,28.294117647058822,29.823529411764707,walk_forward_conformal
00-0040142,Kaleb Johnson,RB,GB,0.0,0.2420246335553274,1.5283825141770149,5.194205505967433,9.171579371244473,2.721956202308392,0.0207,0.00365,0.0004,0.2–5.2,0.0–9.2,0.5273338875476088,medium,10,0,1,0,0.0074025974025973,0.1157109173004534,28.764705882352946,28.941176470588236,walk_forward_conformal
00-0039912,Ben Sinnott,TE,WAS,0.0,0.0,1.7131903185418138,3.8678379117797106,6.876066215216174,2.666202178022855,0.0472,0.01115,0.0023,0.0–3.9,0.0–6.9,0.2633492305362941,low,16,1,0,0,0.0553758343361291,0.0,27.58823529411765,28.470588235294116,walk_forward_conformal
00-0038589,Josh Whyle,TE,GB,0.0,0.0,1.6601959775465132,3.797202173928635,6.706662267232808,2.635147802164914,0.0424,0.00895,0.0022,0.0–3.8,0.0–6.7,0.12508118528095,low,30,1,0,0,0.0668619176144923,0.0,28.764705882352946,28.941176470588236,walk_forward_conformal
00-0040184,KeAndre Lambert-Smith,WR,LAC,0.0,0.0,1.665027414631373,5.187203412018405,10.272502128871484,2.6204260804505757,0.0434,0.0109,0.0023,0.0–5.2,0.0–10.3,0.3175458122606058,low,10,1,0,0,0.035577046542791,0.0,33.470588235294116,27.41176470588235,walk_forward_conformal
00-0037004,Hunter Long,TE,ARI,0.0,0.0,1.5048035716872894,3.5945826762077355,6.849515554000363,2.5863926125915135,0.0497,0.01285,0.00255,0.0–3.6,0.0–6.8,0.4045664750045958,medium,23,0,1,0,0.0459061287584142,0.0,38.1764705882353,21.529411764705884,walk_forward_conformal
00-0038951,Sean Tucker,RB,TB,0.0,0.0,1.0071606572824852,4.651732005928677,9.908635739514942,2.5770144773471113,0.0277,0.0053,0.001,0.0–4.7,0.0–9.9,0.0935227773134106,low,37,1,0,0,0.0193605794795525,0.1465971332573289,32.8235294117647,27.764705882352946,walk_forward_conformal
00-0039798,Isaiah Davis,RB,NYJ,0.0,0.1751074885902251,1.5827208660618557,5.265370466659177,7.869641386024825,2.571199705840455,0.0152,0.0013,5e-05,0.2–5.3,0.0–7.9,0.1352726502342168,low,29,1,0,0,0.0506914423093348,0.0989025063233682,29.058823529411764,26.823529411764707,walk_forward_conformal
00-0038115,Daniel Bellinger,TE,TEN,0.0,0.0,1.7646858959940632,3.878051422610264,5.985226086133105,2.5605216375965103,0.03675,0.00685,0.0019,0.0–3.9,0.0–6.0,0.3264128786044923,low,50,0,1,0,0.0634056337151955,0.0002523081523567,33.529411764705884,22.235294117647054,walk_forward_conformal
00-0039875,Ray Davis,RB,BUF,0.0,0.0409698259895361,1.317706157626663,4.9178000855072534,9.190686596814585,2.555316264061867,0.02235,0.00475,0.00085,0.0–4.9,0.0–9.2,0.0967776597175111,low,34,1,0,0,0.0333357719354214,0.1382990885199377,29.11764705882353,32.1764705882353,walk_forward_conformal
00-0040164,Jaylin Lane,WR,WAS,0.0,0.0,1.9019809003581347,5.344143023027586,9.127146652935677,2.5307592580704483,0.02935,0.005,0.00045,0.0–5.3,0.0–9.1,0.280672722323003,low,15,1,0,0,0.0825557534387393,0.0021505376344086,27.58823529411765,28.470588235294116,walk_forward_conformal
00-0038809,Ben Sims,TE,MIA,0.0,0.0,1.65441632278759,3.6937940434013177,6.205882936717685,2.5198956193396733,0.03955,0.00825,0.00185,0.0–3.7,0.0–6.2,0.5035672108551226,medium,13,0,1,0,0.0562791763897574,0.0,28.176470588235293,25.41176470588235,walk_forward_conformal
00-0039062,Jonathan Mingo,WR,DAL,0.0,0.0,1.7760318132040878,5.146527205986885,8.403827877272022,2.4103843398706473,0.01595,0.00125,5e-05,0.0–5.1,0.0–8.4,0.121953056802967,low,34,1,0,0,0.1006240545011905,0.0026252573781743,36.705882352941174,27.352941176470587,walk_forward_conformal
00-0033757,Robert Tonyan,TE,PIT,0.0,0.0,1.648269559923349,3.613919932586234,5.232914427507883,2.3901140967003047,0.02445,0.0039,0.00045,0.0–3.6,0.0–5.2,0.3289815568335725,low,39,0,1,0,0.0730964939215757,0.0,32.35294117647059,23.941176470588236,walk_forward_conformal
00-0038783,Nate Adkins,TE,DEN,0.0,0.0,1.3922012078340995,3.2204303054269685,6.785923056878404,2.3831180446265012,0.0443,0.0131,0.00305,0.0–3.2,0.0–6.8,0.1518517262813805,low,26,1,0,0,0.0386100518985186,0.0,36.05882352941177,26.823529411764707,walk_forward_conformal
00-0039920,Malachi Corley,WR,CLE,0.0,0.3240511019073918,1.7386968567232104,4.907068927126935,8.349344166557737,2.3495359837669136,0.0201,0.00275,0.00025,0.3–4.9,0.0–8.3,0.2501170376877667,low,17,1,0,0,0.0470907419676992,0.0369641434829606,32.8235294117647,24.764705882352946,walk_forward_conformal
00-0037805,Jeremy Ruckert,TE,NYJ,0.0,0.0,1.6086767868935663,3.471302922511529,5.232914427507883,2.3181698921330853,0.0271,0.0048,0.001,0.0–3.5,0.0–5.2,0.0985593957235044,low,40,1,0,0,0.0677859021023889,0.0,29.058823529411764,26.823529411764707,walk_forward_conformal
00-0039603,British Brooks,RB,HOU,0.0,0.0134260994733358,1.1860193848126177,4.623962073981049,7.882878959559719,2.300362293633049,0.01305,0.00115,0.0001,0.0–4.6,0.0–7.9,0.3,low,10,1,0,0,0.0,0.0631675842273668,34.23529411764706,27.941176470588236,walk_forward_conformal
00-0037085,Tyler Badie,RB,DEN,0.0,0.0,1.315128737659874,4.996394456138423,7.692514430204884,2.285084951050155,0.0151,0.0017,0.0001,0.0–5.0,0.0–7.7,0.2195693317787939,low,20,1,0,0,0.0515847373476467,0.02890321205667,36.05882352941177,26.823529411764707,walk_forward_conformal
00-0040563,Efton Chism III,WR,NE,0.0,0.0,1.609260837770174,4.811354387221409,8.913495413327642,2.251558773302275,0.0322,0.00575,0.00075,0.0–4.8,0.0–8.9,0.3339814162372773,medium,8,1,0,0,0.01625,0.0,29.529411764705884,29.058823529411764,walk_forward_conformal
00-0033217,Mo Alie-Cox,TE,IND,0.0,0.0,1.547948952687019,3.3008321108038623,5.45630214690871,2.2304138715169115,0.0307,0.00555,0.0012,0.0–3.3,0.0–5.5,0.101990701601296,low,68,1,0,0,0.0637083226355684,0.0,32.1764705882353,26.0,walk_forward_conformal
00-0038046,Charlie Kolar,TE,LAC,0.0,0.0,1.412919862921564,3.0419207429214685,6.405966046933221,2.1977409159380965,0.03695,0.0092,0.0018,0.0–3.0,0.0–6.4,0.3184176173763465,low,33,0,1,0,0.0438893698688113,0.0007858504998009,33.470588235294116,27.41176470588235,walk_forward_conformal
00-0040238,LeQuint Allen Jr.,RB,JAX,0.0,0.0,1.224687484554173,4.666576070672246,7.1028023482629274,2.1791462983808736,0.0102,0.00085,5e-05,0.0–4.7,0.0–7.1,0.2499388100988256,low,16,1,0,0,0.0210649519194109,0.0449044552137302,33.11764705882353,28.764705882352946,walk_forward_conformal
00-0035631,Drew Sample,TE,CIN,0.0,0.0,1.4750143840996524,3.2330291855357594,4.784214955075159,2.1707561747561654,0.02425,0.004,0.00045,0.0–3.2,0.0–4.8,0.0943052696499492,low,49,1,0,0,0.0509828848660154,0.0021406114121345,37.64705882352941,22.41176470588235,walk_forward_conformal
00-0039299,George Holani,RB,SEA,0.0,0.0,0.9339803151254672,4.293238849376856,7.361657416180765,2.077319784675256,0.01145,0.0012,0.00015,0.0–4.3,0.0–7.4,0.2831775650627249,low,13,1,0,0,0.0102279368790181,0.0635463621370032,28.294117647058822,29.823529411764707,walk_forward_conformal
00-0040058,Nick Kallerup,TE,SEA,0.0,0.0,1.466565622579996,3.1305431935516896,5.0590046957560935,2.0549671434786627,0.02285,0.00415,0.0006,0.0–3.1,0.0–5.1,0.3773205080756888,medium,4,1,0,0,0.0208333333333333,0.0,28.294117647058822,29.823529411764707,walk_forward_conformal
00-0036626,Dyami Brown,WR,WAS,0.0,0.0,1.6241397044966257,4.550603318525157,8.110299769951546,2.0515718202564335,0.017,0.0027,0.00045,0.0–4.6,0.0–8.1,0.3255980288887158,low,61,0,1,0,0.0798727500627026,0.0110232253725974,27.58823529411765,28.470588235294116,walk_forward_conformal
00-0038547,Luke Schoonmaker,TE,DAL,0.0,0.0,1.5104361622572835,3.13605212236325,4.524737151918283,2.004573334058048,0.0182,0.00215,0.00035,0.0–3.1,0.0–4.5,0.0998943293691821,low,38,1,0,0,0.0522546555085094,0.0,36.705882352941174,27.352941176470587,walk_forward_conformal
00-0040582,Arian Smith,WR,NYJ,0.0,0.0,1.4971869448286903,4.292038171109626,7.702477343180625,1.8859919506989768,0.0141,0.0019,5e-05,0.0–4.3,0.0–7.7,0.2864187817939969,low,13,1,0,0,0.0447528159696091,0.0122970674810139,29.058823529411764,26.823529411764707,walk_forward_conformal
00-0040509,Ben Yurosek,TE,MIN,0.0,0.0,1.4108318751279758,2.789731961238373,4.363970027671099,1.8667829589915603,0.0187,0.0032,0.00065,0.0–2.8,0.0–4.4,0.3522202018532155,medium,6,1,0,0,0.0166666666666666,0.0,28.470588235294116,24.11764705882353,walk_forward_conformal
00-0038824,Ryan Miller,WR,MIA,0.0,0.0,0.0129936290826191,3.709602748550234,8.694064313536254,1.8003499089660582,0.02375,0.00535,0.00105,0.0–3.7,0.0–8.7,0.4594723556759068,medium,18,0,1,0,0.0321941186923748,0.0,28.176470588235293,25.41176470588235,walk_forward_conformal
00-0039751,Jordan Whittington,WR,LA,0.0,0.0,1.49630587053189,4.224914068829298,7.194611114195135,1.7644027479255848,0.0092,0.00075,5e-05,0.0–4.2,0.0–7.2,0.1432590774516114,low,29,1,0,0,0.0539908449973272,0.0069085036826972,35.1764705882353,27.352941176470587,walk_forward_conformal
00-0040208,Tahj Brooks,RB,CIN,0.0,0.0,0.7358627249611316,3.992185058516845,6.081761845590897,1.7431516674997511,0.00635,0.0007,5e-05,0.0–4.0,0.0–6.1,0.2853417674739315,low,12,1,0,0,0.0049762329174093,0.0563944509596683,37.64705882352941,22.41176470588235,walk_forward_conformal
00-0033246,Johnny Mundt,TE,PHI,0.0,0.0,1.3640532721496623,2.414125939279049,3.714909758027553,1.6816225506443785,0.0137,0.00165,0.00025,0.0–2.4,0.0–3.7,0.3226205729148603,low,52,0,1,0,0.0584489980311746,0.0,29.235294117647054,28.11764705882353,walk_forward_conformal
00-0034365,Ian Thomas,TE,LV,0.0,0.0,1.480838846142524,2.7236765978162176,3.5516633641487108,1.6712611393109742,0.0044,0.0004,0.0,0.0–2.7,0.0–3.6,0.0988483841558572,low,47,1,0,0,0.0561031810728916,0.0,30.294117647058822,21.705882352941178,walk_forward_conformal
00-0038896,Jacob Saylors,RB,DET,0.0,0.0,0.5650167599943494,3.7683041987172863,5.837337950728553,1.6026699897420429,0.0053,0.0005,0.0,0.0–3.8,0.0–5.8,0.29,low,11,1,0,0,0.0,0.006269592476489,34.23529411764706,26.0,walk_forward_conformal
00-0038840,Brycen Tremayne,WR,CAR,0.0,0.0,1.3266440001567514,3.664164937125699,6.936953854971492,1.5898811019217085,0.00945,0.00095,0.0001,0.0–3.7,0.0–6.9,0.24853400986322,low,17,1,0,0,0.0354508675260327,0.0,30.294117647058822,27.11764705882353,walk_forward_conformal
00-0037557,Ronnie Rivers,RB,LA,0.0,0.0,0.688583867084001,3.81653398529334,5.505869620937341,1.548947109725716,0.00255,0.00015,0.0,0.0–3.8,0.0–5.5,0.1874274977236714,low,23,1,0,0,0.0138868047000675,0.09745240861752,35.1764705882353,27.352941176470587,walk_forward_conformal
00-0038685,Chris Brooks,RB,GB,0.0,0.0,0.718349411593608,3.934505526510108,5.723340759926199,1.5332374295568618,0.0028,0.00025,0.0,0.0–3.9,0.0–5.7,0.1086613664130462,low,31,1,0,0,0.0367487979470576,0.0661218711573959,28.764705882352946,28.941176470588236,walk_forward_conformal
00-0040534,Ke'Shawn Williams,WR,CIN,0.0,0.0,0.1925803121906892,3.459013028903869,6.897337280154604,1.518121368633091,0.0107,0.0013,0.0003,0.0–3.5,0.0–6.9,0.294181524178735,low,11,1,0,0,0.0027548209366391,0.0071328671328671,37.64705882352941,22.41176470588235,walk_forward_conformal
00-0039451,Isaiah Williams,WR,NYJ,0.0,0.0,1.2796735684473963,3.424257717346369,6.415292146799416,1.4589394129098214,0.0067,0.00045,5e-05,0.0–3.4,0.0–6.4,0.2123717266866034,low,23,1,0,0,0.0714608848287906,0.0049725049725049,29.058823529411764,26.823529411764707,walk_forward_conformal
00-0036628,John Bates,TE,WAS,0.0,0.0,0.0035950915829815,2.090104155775287,2.9707212761591935,1.4062208355497436,0.00795,0.00105,0.00015,0.0–2.1,0.0–3.0,0.1023628888424735,low,59,1,0,0,0.055575360455635,0.0,27.58823529411765,28.470588235294116,walk_forward_conformal
00-0039648,David Martin-Robinson,TE,TEN,0.0,0.0,0.0,1.8003127521254787,3.23163317047676,1.391111244601398,0.01285,0.0025,0.00025,0.0–1.8,0.0–3.2,0.2619256278918578,low,15,1,0,0,0.0168525449528522,0.0,33.529411764705884,22.235294117647054,walk_forward_conformal
00-0038710,Blake Whiteheart,TE,CLE,0.0,0.0,0.0,1.8245961602079104,2.7187314058161496,1.3279073713591028,0.00795,0.00165,0.00025,0.0–1.8,0.0–2.7,0.2509269351371659,low,16,1,0,0,0.0286430547077888,0.0,32.8235294117647,24.764705882352946,walk_forward_conformal
00-0040154,Tai Felton,WR,MIN,0.0,0.0,0.0129936290826191,3.34901904936663,6.292988164516429,1.305371236785735,0.00845,0.00065,5e-05,0.0–3.3,0.0–6.3,0.2889136325951179,low,12,1,0,0,0.0107185990338164,0.0,28.470588235294116,24.11764705882353,walk_forward_conformal
00-0036590,Quintin Morris,TE,JAX,0.0,0.0,0.0,1.6391282652156396,4.082700908924327,1.2834495158065402,0.0143,0.0028,0.00035,0.0–1.6,0.0–4.1,0.0993612953648515,low,32,1,0,0,0.0311222107955341,0.0,33.11764705882353,28.764705882352946,walk_forward_conformal
00-0036646,Simi Fehoko,WR,ARI,0.0,0.0,0.0129936290826191,3.277230538548814,6.206447357960156,1.2575128411727572,0.008,0.0011,0.00015,0.0–3.3,0.0–6.2,0.2464762119051469,low,18,1,0,0,0.0312903295277428,0.0,38.1764705882353,21.529411764705884,walk_forward_conformal
00-0038738,Hunter Luepke,RB,DAL,0.0,0.0,0.0636319467461053,3.6266599483440904,5.575100273674152,1.2257255960141795,0.00365,0.00015,0.0,0.0–3.6,0.0–5.6,0.0922550033144237,low,38,1,0,0,0.0301347115705064,0.0311849493634086,36.705882352941174,27.352941176470587,walk_forward_conformal
00-0036887,Luke Farrell,TE,SF,0.0,0.0,0.0,1.810820416953877,2.555661561774488,1.21582375506316,0.0066,0.00075,0.0001,0.0–1.8,0.0–2.6,0.0931157938590901,low,47,1,0,0,0.0381836684221221,0.0,33.76470588235294,28.294117647058822,walk_forward_conformal
00-0039796,Rasheen Ali,RB,BAL,0.0,0.0,0.2084517566698871,3.425864460419919,5.072749018164901,1.2143883904898318,0.003,0.00025,0.0,0.0–3.4,0.0–5.1,0.2253360890483212,low,20,1,0,0,0.0326430976430976,0.0257177582894239,24.823529411764707,29.823529411764707,walk_forward_conformal
00-0039530,Brevyn Spann-Ford,TE,DAL,0.0,0.0,0.0,1.7334044814219751,2.484620958261592,1.1710062474291942,0.009,0.0016,0.00015,0.0–1.7,0.0–2.5,0.1455035875792386,low,27,1,0,0,0.0269305278161642,0.0,36.705882352941174,27.352941176470587,walk_forward_conformal
00-0039050,Payne Durham,TE,TB,0.0,0.0,0.0,1.7821837159140357,2.5284489046566394,1.154219362474852,0.00705,0.0008,0.0,0.0–1.8,0.0–2.5,0.1976692445182439,low,22,1,0,0,0.0289508461743956,0.0,32.8235294117647,27.764705882352946,walk_forward_conformal
00-0036876,Kylen Granson,TE,TEN,0.0,0.0,0.0,1.8908703355846177,2.483721859726524,1.1407767131157684,0.0016,0.0001,0.0,0.0–1.9,0.0–2.5,0.3244196766348838,low,66,0,1,0,0.0588648493500858,0.0008188771775728,33.529411764705884,22.235294117647054,walk_forward_conformal
00-0037292,Andrew Ogletree,TE,IND,0.0,0.0,0.0,1.705220328897109,2.415808542715521,1.0898153430128457,0.00785,0.0014,0.0002,0.0–1.7,0.0–2.4,0.0982061284399054,low,34,1,0,0,0.0342678170717162,0.0,32.1764705882353,26.0,walk_forward_conformal
00-0039365,Jacob Cowing,WR,SF,0.0,0.0,0.0129936290826191,3.2009588561223263,5.81466242937009,1.0694537826260535,0.0052,0.00045,5e-05,0.0–3.2,0.0–5.8,0.2629291782502898,low,15,1,0,0,0.0121903186419315,0.0023809523809523,33.76470588235294,28.294117647058822,walk_forward_conformal
00-0034798,Durham Smythe,TE,BAL,0.0,0.0,0.0,1.7999372031417726,2.273048619606136,1.047132356060957,0.00185,0.0001,0.0,0.0–1.8,0.0–2.3,0.3228289738868347,low,63,0,1,0,0.0509969158363597,0.0008612949770567,24.823529411764707,29.823529411764707,walk_forward_conformal
00-0037091,Bo Melton,WR,GB,0.0,0.0,0.1476999481087921,3.266162502373195,5.484278550276083,1.0254423387497142,0.0049,0.0007,0.0,0.0–3.3,0.0–5.5,0.1351134410604022,low,30,1,0,0,0.0504939884959755,0.0161769543369863,28.764705882352946,28.941176470588236,walk_forward_conformal
00-0039364,Sione Vaki,RB,DET,0.0,0.0,0.1084845752350304,3.0938763320600433,4.491706462801621,0.9936190001391428,0.0013,0.0,0.0,0.0–3.1,0.0–4.5,0.2372448423186463,low,17,1,0,0,0.0036433399042523,0.0087117267783702,34.23529411764706,26.0,walk_forward_conformal
00-0038359,Xavier Smith,WR,LA,0.0,0.0,0.0129936290826191,3.265407494229899,5.652931152323241,0.9773922441269316,0.00255,0.0003,0.0,0.0–3.3,0.0–5.7,0.1201611170977325,low,30,1,0,0,0.0311191245341399,0.0040983606557377,35.1764705882353,27.352941176470587,walk_forward_conformal
00-0038643,Brayden Willis,TE,SF,0.0,0.0,0.0,1.596133935183036,1.991311696530858,0.9476851681389336,0.0043,0.0004,5e-05,0.0–1.6,0.0–2.0,0.2869345250479371,low,12,1,0,0,0.0058640190219137,0.0,33.76470588235294,28.294117647058822,walk_forward_conformal
00-0039746,Will Shipley,RB,PHI,0.0,0.0,0.058975987771926,3.128150851256481,4.410741021368725,0.8877688079420506,0.00055,0.0,0.0,0.0–3.1,0.0–4.4,0.1445825761273151,low,27,1,0,0,0.0214247368917717,0.0479674423719641,29.235294117647054,28.11764705882353,walk_forward_conformal
00-0039686,Colson Yankoff,TE,WAS,0.0,0.0,0.0,1.5568348974717767,1.570084997019193,0.7982195892277288,0.0026,0.0002,5e-05,0.0–1.6,0.0–1.6,0.2674467495098398,low,14,1,0,0,0.0086052403905574,0.0,27.58823529411765,28.470588235294116,walk_forward_conformal
00-0032951,Laquon Treadwell,WR,IND,0.0,0.0,0.0129936290826191,2.9515698899270366,4.533768014239245,0.7323489966183135,0.002,0.00015,0.0,0.0–3.0,0.0–4.5,0.2003091434022481,low,24,1,0,0,0.0328532543323758,0.0,32.1764705882353,26.0,walk_forward_conformal
00-0036429,Charlie Woerner,TE,ATL,0.0,0.0,0.0,1.5039243791193997,1.5682790113355796,0.6990568393835767,0.00015,0.0,0.0,0.0–1.5,0.0–1.6,0.0991051008995436,low,42,1,0,0,0.0351681083761357,0.0,32.05882352941177,28.058823529411764,walk_forward_conformal
00-0038519,Nikko Remigio,WR,KC,0.0,0.0,0.0129936290826191,2.928654559507108,4.521565203990946,0.695249388708447,0.00195,5e-05,0.0,0.0–2.9,0.0–4.5,0.2478043288159607,low,19,1,0,0,0.0144851449707672,0.0021008403361344,34.35294117647059,25.294117647058822,walk_forward_conformal
00-0033576,Eric Saubert,TE,SEA,0.0,0.0,0.0,1.4222391228630769,1.4222391228630769,0.6732415536302093,0.0024,0.0002,0.0,0.0–1.4,0.0–1.4,0.0985611801517114,low,48,1,0,0,0.0351944831183006,0.0,28.294117647058822,29.823529411764707,walk_forward_conformal
00-0036862,Ben Skowronek,WR,PIT,0.0,0.0,0.0129936290826191,2.782647648068496,4.4464801060299415,0.6723574451755497,0.0028,0.0003,0.0,0.0–2.8,0.0–4.4,0.1094003916484863,low,64,1,0,0,0.0311513938621837,0.001228279474737,32.35294117647059,23.941176470588236,walk_forward_conformal
00-0035021,Ashton Dulin,WR,IND,0.0,0.0,0.0129936290826191,2.0516151514170167,4.589803157196394,0.6512770047417227,0.0024,0.00015,0.0,0.0–2.1,0.0–4.6,0.103244369071987,low,51,1,0,0,0.0307137494475902,0.0111985272294938,32.1764705882353,26.0,walk_forward_conformal
00-0040075,LaJohntay Wester,WR,BAL,0.0,0.0,0.0129936290826191,2.8275126852641024,4.3885552041748115,0.6186375915344392,0.0009,5e-05,0.0,0.0–2.8,0.0–4.4,0.26,low,14,1,0,0,0.0,0.0,24.823529411764707,29.823529411764707,walk_forward_conformal
00-0031484,Chris Manhertz,TE,NYG,0.0,0.0,0.0,0.1885928793539482,0.7798701684691419,0.6015040014301434,0.0027,0.00045,5e-05,0.0–0.2,0.0–0.8,0.0891978203510844,low,36,1,0,0,0.0208144633604234,0.0,30.941176470588236,30.058823529411764,walk_forward_conformal
00-0033376,Patrick Ricard,RB,NYG,0.0,0.0,0.0,2.0492658764341996,3.88934364940776,0.5964277808663891,0.0035,0.00025,5e-05,0.0–2.0,0.0–3.9,0.3169197504880499,low,43,0,1,0,0.0268701848988587,0.0046244244912181,30.941176470588236,30.058823529411764,walk_forward_conformal
00-0036630,Tylan Wallace,WR,CLE,0.0,0.0,0.0129936290826191,1.6049346211146465,4.334977139272624,0.5884971914650847,0.00205,0.0002,0.0,0.0–1.6,0.0–4.3,0.3135289990554482,low,44,0,1,0,0.0289926062274255,0.0,32.8235294117647,24.764705882352946,walk_forward_conformal
00-0039589,Kameron Johnson,WR,TB,0.0,0.0,0.0129936290826191,1.829058127287001,4.2489792132633255,0.5880981020625844,0.00125,5e-05,0.0,0.0–1.8,0.0–4.2,0.2079402638632311,low,21,1,0,0,0.0136932526078785,0.0064064801178203,32.8235294117647,27.764705882352946,walk_forward_conformal
00-0037093,Dareke Young,WR,LV,0.0,0.0,0.0129936290826191,1.6337757248474838,4.451222259850046,0.5815717933116461,0.00145,0.0001,0.0,0.0–1.6,0.0–4.5,0.4097924771111933,medium,22,0,1,0,0.011352617970265,0.0,30.294117647058822,21.705882352941178,walk_forward_conformal
00-0038573,Derius Davis,WR,LAC,0.0,0.0,0.0984180039221045,2.505525173189878,4.220658649623376,0.5755771061218146,0.00075,5e-05,0.0,0.0–2.5,0.0–4.2,0.0947126650541808,low,43,1,0,0,0.0237021689696035,0.0201494116918995,33.470588235294116,27.41176470588235,walk_forward_conformal
00-0040506,Myles Price,WR,MIN,0.0,0.0,0.0129936290826191,1.6495981828530868,4.2684720935327345,0.5617833052469958,0.00125,0.0002,0.0,0.0–1.6,0.0–4.3,0.24,low,16,1,0,0,0.0,0.0,28.470588235294116,24.11764705882353,walk_forward_conformal
00-0039407,Dylan Laube,RB,LV,0.0,0.0,0.0,2.341111860349575,3.7171104577532423,0.4907362642019052,0.0003,0.0,0.0,0.0–2.3,0.0–3.7,0.1778259931027622,low,23,1,0,0,0.0069112715706688,0.0230284534065831,30.294117647058822,21.705882352941178,walk_forward_conformal
00-0037311,Ko Kieft,TE,TB,0.0,0.0,0.0,0.1837153077667954,0.5826472665134953,0.4742454422748803,0.0027,0.00015,0.0,0.0–0.2,0.0–0.6,0.1299714407118997,low,28,1,0,0,0.0101704865779406,0.0,32.8235294117647,27.764705882352946,walk_forward_conformal
00-0038090,Skyy Moore,WR,GB,0.0,0.0,0.0129936290826191,1.6771220670955402,4.327353452100546,0.428739445419372,0.0001,0.0,0.0,0.0–1.7,0.0–4.3,0.3229039559623627,low,49,0,1,0,0.0324704258140209,0.0043684773754192,28.764705882352946,28.941176470588236,walk_forward_conformal
00-0036331,Devin Duvernay,WR,ARI,0.0,0.0,0.0129936290826191,1.662350974078022,4.020128751084786,0.38211590194693,0.0003,0.0,0.0,0.0–1.7,0.0–4.0,0.3294913157961096,low,73,0,1,0,0.0315868330697501,0.0074861112154704,38.1764705882353,21.529411764705884,walk_forward_conformal
00-0038488,Brady Russell,RB,SEA,0.0,0.0,0.0,2.232101328396585,3.1501825366602914,0.3794784301373997,0.0003,0.0,0.0,0.0–2.2,0.0–3.2,0.1629065645595834,low,24,1,0,0,0.0017867352773013,0.0,28.294117647058822,29.823529411764707,walk_forward_conformal
00-0037594,Julius Chestnut,RB,TEN,0.0,0.0,0.0,2.340772162717246,3.2775722966277865,0.3530523587405196,0.0,0.0,0.0,0.0–2.3,0.0–3.3,0.087126088984874,low,35,1,0,0,0.0059280412439551,0.0395493228222793,33.529411764705884,22.235294117647054,walk_forward_conformal
00-0036825,Feleipe Franks,TE,CAR,0.0,0.0,0.0,0.1837153077667954,0.1837153077667954,0.1495215795120132,0.00025,5e-05,0.0,0.0–0.2,0.0–0.2,0.3481395589170562,medium,28,0,1,0,0.0038107706304311,0.0050750536278545,30.294117647058822,27.11764705882353,walk_forward_conformal
00-0036187,Reggie Gilliam,RB,NE,0.0,0.0,0.0,1.990029513940197,2.6637762765358817,0.1445767411811367,0.0,0.0,0.0,0.0–2.0,0.0–2.7,0.3101546197385292,low,38,0,1,0,0.0075223211666373,0.0057224772740962,29.529411764705884,29.058823529411764,walk_forward_conformal
00-0036842,Kene Nwangwu,RB,NYJ,0.0,0.0,0.0,2.0890370174983572,2.7845705335834956,0.1414292418465261,0.0,0.0,0.0,0.0–2.1,0.0–2.8,0.0878726672072635,low,43,1,0,0,0.0042039294314198,0.0396829613452069,29.058823529411764,26.823529411764707,walk_forward_conformal
